CategoryID,Code
051,1301
095,1301
131,1301
051,1332
095,1332
131,1332
051,1333
095,1333
095,1352
131,1352
051,1375
051,1376
071,1376
081,1376
092,1376
051,1377
071,1377
051,1379
051,1380
051,1381
051,1382
071,1382
051,1383
071,1383
095,1383
051,1384
095,1384
082,1400
083,1400
083,1401
012,1407
081,1407
083,1413
081,1414
081,1417
083,1418
105,1418
154,1418
155,1418
083,1419
083,1420
152,1420
082,1429
083,1429
081,1430
083,1430
083,1431
081,1432
093,1432
081,1433
081,1434
083,1435
081,1436
083,1436
081,1438
083,1439
083,1440
081,1443
093,1443
125,1443
083,1444
081,1445
082,1445
093,1445
083,1446
081,1447
083,1447
146,1447
154,1447
155,1447
031,1448
081,1448
125,1448
083,1449
081,1450
083,1451
081,1452
026,1491
093,1491
096,1491
011,1514
011,1515
011,1518
093,1518
011,1605
011,1662
011,1663
012,1663
023,1663
012,1711
081,1711
081,1712
155,1712
081,1716
083,1717
155,1717
081,1718
083,1718
081,1719
081,1720
081,1721
081,1723
081,1724
081,1726
083,1728
081,1730
081,1734
093,1734
081,1736
093,1736
081,1737
081,1738
082,1738
083,1738
152,1738
083,1739
081,1743
081,1757
083,1757
081,1758
081,1762
081,1764
083,1764
152,1764
081,1766
083,1766
081,1768
081,1770
023,1771
081,1771
083,1773
081,1775
081,1776
081,1777
081,1780
081,1782
081,1783
151,1783
081,1787
081,1788
081,1789
081,1793
083,1795
081,1798
081,1799
081,1801
083,1801
081,1802
081,1803
081,1805
081,1807
081,1808
083,1808
081,1810
081,1811
081,1812
081,1813
081,1814
081,1815
081,1820
081,1821
081,1822
081,1824
081,1826
081,1827
081,1828
081,1832
081,1833
081,1835
083,1840
081,1841
083,1841
081,1844
081,1847
081,1848
081,1850
081,1852
081,1853
082,1853
081,1860
081,1861
081,1866
081,1867
081,1869
081,1870
081,1871
083,1873
083,1878
081,1879
083,1879
081,1881
082,1881
081,1882
082,1882
081,1883
082,1883
081,1884
082,1884
081,1885
081,1887
081,1888
081,1890
081,1892
081,1893
081,1897
081,1898
082,1898
081,1899
081,1904
081,1905
093,1905
125,1905
034,1909
082,1909
083,1909
082,1911
083,1911
081,1914
081,1921
083,1925
131,1925
081,1926
083,1928
081,1929
081,1930
081,1934
125,1934
081,1938
081,1939
081,1941
081,1942
081,1944
081,1945
081,1946
081,1948
081,1949
081,1950
081,1951
081,1952
031,1954
083,1954
081,1959
081,1960
012,1961
081,1961
023,1963
081,1963
081,1964
081,1965
081,1966
081,1967
081,1968
081,1969
093,1971
125,1971
082,1972
083,1972
093,1972
081,1973
146,1973
081,1975
031,1976
081,1976
032,1979
081,1979
081,1980
081,1981
081,1982
081,1992
146,1992
083,1994
081,1997
081,1999
082,1999
095,1999
051,2001
023,2002
051,2002
062,2002
095,2002
051,2003
023,2004
051,2004
023,2009
051,2009
023,2053
051,2053
062,2053
023,2055
051,2055
023,2058
051,2058
023,2060
051,2060
051,2107
023,2108
051,2108
051,2109
051,2112
051,2114
051,2117
145,2120
144,2121
145,2121
143,2122
145,2122
145,2124
154,2124
155,2127
143,2130
146,2130
126,2134
155,2136
152,2137
144,2138
141,2139
143,2139
154,2146
155,2146
145,2148
155,2150
155,2151
152,2152
083,2153
154,2154
155,2154
141,2156
143,2156
151,2157
146,2158
143,2159
071,2160
154,2162
155,2162
154,2163
155,2163
141,2164
154,2168
155,2168
155,2169
155,2170
143,2172
144,2172
152,2172
143,2173
126,2174
155,2174
154,2175
155,2175
071,2176
155,2178
153,2179
143,2180
144,2180
155,2180
154,2181
155,2181
071,2183
155,2185
146,2186
071,2191
107,2193
143,2193
145,2193
155,2195
111,2196
152,2196
156,2196
152,2198
051,2201
051,2204
051,2206
051,2207
051,2208
051,2209
051,2211
111,2211
051,2212
101,2212
051,2215
051,2216
051,2217
051,2218
051,2220
051,2221
051,2222
051,2224
051,2226
051,2229
051,2230
023,2264
051,2264
051,2266
051,2267
052,2267
071,2267
051,2268
051,2269
071,2269
023,2270
051,2270
052,2270
051,2281
051,2282
023,2286
051,2286
051,2288
051,2291
051,2292
051,2293
051,2294
111,2294
051,2296
152,2300
154,2301
146,2303
112,2304
152,2305
146,2307
154,2307
155,2307
071,2309
012,2311
083,2311
146,2315
146,2317
146,2321
144,2323
083,2325
146,2326
146,2327
141,2329
143,2329
144,2329
144,2330
033,2331
082,2331
083,2331
152,2331
146,2332
143,2334
145,2334
154,2334
146,2335
093,2336
146,2336
154,2336
155,2336
126,2337
126,2338
146,2338
151,2340
141,2341
145,2341
154,2341
071,2342
152,2344
146,2345
153,2345
154,2345
155,2345
146,2349
146,2351
146,2352
083,2353
151,2353
146,2354
146,2359
083,2362
154,2362
155,2362
071,2370
155,2370
107,2371
145,2371
071,2372
154,2372
155,2372
152,2373
083,2374
152,2374
154,2375
155,2375
141,2376
145,2376
151,2378
145,2379
154,2379
131,2384
051,2385
062,2385
071,2385
063,2388
125,2388
141,2388
144,2388
143,2389
146,2391
072,2393
152,2393
071,2395
071,2397
152,2398
143,2402
144,2402
155,2402
111,2404
151,2404
152,2406
141,2408
145,2410
154,2410
155,2410
143,2411
155,2411
155,2412
071,2413
145,2413
155,2413
152,2415
153,2415
154,2415
155,2415
152,2418
156,2418
152,2424
072,2425
152,2425
154,2427
155,2427
124,2428
071,2429
083,2429
093,2429
105,2429
146,2429
154,2429
155,2429
107,2432
144,2432
145,2432
143,2433
152,2435
155,2436
103,2437
152,2438
145,2440
125,2445
155,2449
093,2452
146,2452
152,2453
155,2453
145,2454
143,2459
143,2461
152,2462
154,2462
155,2462
153,2464
155,2464
155,2467
146,2468
093,2469
143,2469
154,2471
155,2471
154,2475
155,2475
145,2477
154,2479
155,2479
106,2480
145,2480
141,2481
153,2483
155,2483
107,2484
145,2484
152,2485
155,2487
146,2488
143,2489
144,2489
143,2491
145,2492
146,2492
146,2493
126,2497
143,2497
144,2497
081,2498
083,2498
092,2499
151,2499
052,2501
111,2501
051,2502
052,2502
071,2502
051,2503
052,2503
071,2503
051,2531
052,2531
071,2531
052,2533
071,2533
051,2540
071,2540
095,2540
051,2551
052,2573
052,2579
051,2586
052,2586
095,2586
107,2586
111,2586
051,2587
052,2587
071,2587
107,2588
052,2590
052,2593
052,2594
111,2594
022,2597
052,2597
052,2599
051,2602
071,2602
051,2607
051,2612
023,2613
051,2613
071,2613
101,2651
103,2652
101,2653
095,2654
111,2654
112,2654
152,2654
107,2656
143,2656
144,2656
145,2656
101,2659
101,2664
103,2664
103,2666
152,2666
146,2667
061,2668
051,2669
112,2669
102,2670
083,2673
107,2673
152,2673
103,2674
111,2675
093,2676
107,2678
145,2678
103,2681
151,2681
111,2683
102,2685
102,2686
101,2687
094,2689
095,2692
093,2693
111,2694
111,2695
103,2698
095,2700
111,2702
111,2705
063,2706
144,2706
051,2708
095,2708
092,2714
093,2715
083,2721
146,2721
151,2721
107,2722
061,2726
102,2726
103,2726
044,2729
112,2729
134,2729
105,2730
096,2733
081,2734
093,2734
106,2734
152,2734
103,2735
102,2736
093,2737
101,2742
033,2743
093,2743
146,2743
101,2747
112,2749
152,2749
095,2750
083,2751
111,2752
111,2753
106,2754
093,2760
093,2761
111,2762
093,2763
146,2763
111,2764
152,2764
033,2767
144,2767
091,2768
103,2769
032,2773
093,2773
061,2776
155,2776
096,2777
103,2777
102,2778
103,2780
103,2782
094,2784
106,2788
111,2789
103,2790
101,2791
103,2791
061,2792
102,2792
033,2795
034,2795
093,2795
103,2796
111,2798
152,2798
051,2801
052,2801
051,2802
052,2802
071,2802
051,2804
051,2805
051,2806
051,2809
062,2809
071,2809
051,2810
052,2810
051,2811
052,2811
051,2812
071,2812
051,2813
051,2814
051,2815
051,2816
051,2818
111,2818
051,2819
051,2820
051,2830
051,2831
051,2871
131,2871
051,2872
051,2874
131,2874
051,2875
131,2875
112,2876
051,2877
095,2882
111,2882
095,2883
051,2884
052,2884
095,2884
023,2892
051,2892
071,2892
051,2894
051,2897
051,2899
051,2901
052,2901
051,2902
071,2902
051,2903
051,2904
051,2905
051,2907
051,2908
051,2910
112,2910
051,2911
051,2914
052,2914
071,2914
051,2915
051,2916
051,2917
051,2918
051,2919
051,2922
051,2923
051,2924
051,2925
051,2926
051,2927
071,2927
107,2927
107,2928
151,2928
051,2929
071,2929
051,2930
071,2930
107,2930
145,2930
051,2931
062,2931
071,2931
051,2932
083,2970
127,2971
127,2972
083,2974
083,2975
126,2975
083,2976
083,2977
083,2978
145,2978
127,2979
083,2980
145,2980
146,2980
083,2981
083,2982
126,2982
083,2985
083,2986
083,2987
032,3001
041,3001
061,3001
071,3001
101,3001
023,3002
061,3002
151,3002
083,3003
126,3003
051,3004
092,3004
093,3004
095,3004
083,3010
156,3010
106,3011
105,3020
103,3021
093,3023
093,3024
103,3028
151,3028
111,3030
124,3031
145,3031
103,3032
103,3034
093,3035
093,3036
095,3038
101,3038
111,3039
146,3040
096,3041
152,3041
146,3042
061,3045
102,3046
106,3047
125,3047
105,3048
107,3048
145,3048
103,3050
111,3053
093,3054
096,3054
094,3055
103,3055
111,3057
103,3058
102,3059
103,3059
107,3059
111,3063
093,3064
145,3064
111,3065
111,3066
111,3067
111,3068
111,3069
096,3070
107,3071
145,3071
111,3073
111,3075
034,3076
083,3076
111,3077
094,3079
103,3080
111,3082
102,3083
111,3085
101,3086
111,3087
101,3088
103,3088
093,3089
111,3091
107,3092
145,3092
103,3093
101,3094
103,3094
101,3096
112,3096
111,3097
101,3098
103,3098
101,3099
021,3101
023,3101
071,3101
021,3103
023,3103
021,3104
023,3104
025,3104
061,3104
021,3105
022,3105
023,3105
025,3105
032,3105
034,3105
042,3105
021,3106
082,3106
021,3107
093,3107
021,3109
021,3110
082,3110
021,3111
126,3113
155,3113
042,3116
126,3121
156,3121
021,3123
061,3123
021,3125
093,3131
093,3132
095,3133
111,3133
096,3134
107,3134
145,3134
146,3134
107,3135
143,3135
145,3135
012,3136
103,3136
107,3137
112,3137
155,3137
096,3138
107,3138
141,3138
144,3138
145,3138
095,3139
062,3140
101,3141
103,3141
051,3143
095,3143
101,3148
103,3148
012,3150
094,3151
093,3153
146,3153
094,3154
093,3156
093,3157
103,3159
155,3159
095,3160
112,3160
061,3161
082,3161
092,3161
093,3166
012,3167
141,3167
142,3167
026,3168
062,3169
103,3169
107,3172
093,3173
102,3174
051,3175
111,3175
092,3176
093,3176
103,3177
111,3177
111,3178
103,3179
107,3179
145,3179
083,3180
094,3180
145,3180
103,3181
107,3182
145,3182
094,3183
106,3184
155,3184
092,3185
096,3185
107,3185
145,3185
106,3186
093,3187
107,3187
092,3189
102,3189
107,3189
145,3189
103,3190
152,3190
103,3191
107,3192
145,3192
111,3193
101,3194
103,3194
107,3195
145,3195
111,3196
112,3196
111,3197
111,3198
081,3199
092,3199
096,3199
103,3199
021,3201
021,3202
061,3202
021,3204
021,3205
061,3205
111,3221
101,3222
111,3223
143,3223
095,3224
111,3224
127,3226
127,3227
083,3228
083,3231
132,3232
127,3234
083,3236
082,3237
083,3237
126,3237
083,3238
083,3241
083,3242
083,3244
083,3245
083,3246
083,3248
127,3249
126,3252
083,3254
083,3260
083,3261
083,3264
126,3266
083,3267
127,3269
083,3271
083,3275
083,3276
083,3277
127,3278
127,3279
083,3280
127,3281
127,3282
127,3283
083,3284
083,3286
127,3287
083,3288
124,3288
082,3289
083,3289
103,3289
151,3289
127,3290
083,3291
127,3292
083,3293
156,3293
083,3294
127,3295
127,3296
083,3297
127,3298
083,3299
083,3300
021,3302
034,3302
041,3302
027,3306
042,3306
051,3306
127,3309
011,3315
146,3316
111,3317
103,3319
107,3319
145,3319
061,3320
093,3321
096,3322
105,3322
093,3323
103,3326
151,3326
107,3328
145,3328
111,3329
044,3333
103,3333
103,3341
103,3344
095,3346
101,3346
103,3346
106,3347
125,3347
101,3349
103,3349
156,3350
103,3352
152,3352
103,3353
024,3355
092,3355
093,3355
093,3356
111,3358
092,3359
094,3360
103,3360
152,3360
155,3360
012,3361
052,3361
111,3370
093,3371
146,3371
111,3372
112,3372
093,3374
105,3375
061,3376
102,3376
106,3377
101,3382
102,3382
103,3382
107,3382
111,3382
121,3382
124,3382
145,3382
106,3384
094,3386
111,3387
093,3388
105,3390
146,3390
101,3391
103,3391
051,3392
093,3393
146,3393
111,3395
107,3396
111,3397
111,3399
021,3401
023,3401
071,3401
021,3402
023,3402
031,3402
032,3402
033,3402
036,3402
071,3402
081,3402
082,3402
021,3405
023,3405
021,3407
023,3407
024,3407
032,3407
033,3407
036,3407
071,3407
082,3407
083,3407
021,3408
021,3409
102,3415
145,3416
094,3417
101,3418
111,3418
096,3419
081,3420
093,3420
062,3421
125,3421
032,3422
082,3423
083,3423
062,3426
081,3431
026,3433
034,3434
042,3434
026,3435
036,3436
081,3437
155,3437
026,3439
024,3440
026,3440
082,3440
026,3441
026,3442
081,3443
032,3444
155,3444
036,3445
033,3446
082,3447
026,3448
026,3449
072,3449
081,3449
127,3451
082,3452
083,3452
127,3453
126,3454
127,3455
083,3456
143,3456
083,3457
082,3458
083,3458
126,3458
127,3459
083,3461
146,3461
127,3462
127,3463
083,3464
083,3465
127,3466
083,3467
127,3468
083,3469
127,3470
127,3471
127,3472
083,3474
111,3474
083,3475
127,3476
083,3477
127,3478
083,3479
083,3480
152,3480
127,3481
126,3482
083,3483
083,3484
083,3486
127,3487
127,3488
083,3489
083,3490
083,3491
127,3492
127,3493
083,3494
126,3494
083,3495
083,3496
145,3496
083,3497
012,3498
083,3498
101,3498
042,3501
062,3501
062,3504
096,3504
107,3504
021,3512
021,3513
021,3515
062,3521
083,3521
151,3521
032,3524
042,3526
081,3528
083,3528
061,3529
095,3536
103,3536
092,3537
096,3537
106,3538
101,3539
094,3540
095,3541
107,3542
145,3542
111,3543
101,3544
103,3544
103,3546
111,3547
102,3548
101,3549
103,3549
102,3550
107,3550
145,3550
021,3551
022,3551
027,3551
042,3551
062,3551
082,3551
023,3553
042,3553
082,3553
103,3556
107,3556
145,3556
111,3557
107,3558
145,3558
145,3559
096,3560
107,3560
145,3560
051,3561
111,3561
093,3562
146,3562
111,3563
093,3565
146,3565
061,3566
107,3566
021,3569
023,3569
042,3569
061,3569
082,3569
021,3571
021,3577
021,3578
021,3580
062,3583
071,3583
061,3591
071,3593
061,3597
061,3598
021,3600
071,3604
072,3604
094,3604
152,3607
061,3608
061,3611
061,3612
143,3622
146,3622
124,3623
144,3624
146,3625
146,3626
144,3627
146,3628
124,3630
146,3630
144,3632
145,3632
146,3633
144,3634
033,3635
144,3635
151,3635
146,3636
155,3636
144,3639
146,3640
144,3641
145,3645
155,3645
145,3646
146,3646
081,3647
083,3647
146,3648
146,3649
036,3652
146,3653
146,3655
155,3655
144,3656
146,3657
144,3658
144,3659
103,3660
107,3660
145,3660
144,3661
144,3662
145,3662
146,3663
144,3664
145,3664
107,3665
145,3665
146,3666
144,3667
144,3668
105,3670
146,3670
146,3671
144,3672
146,3673
145,3674
144,3675
155,3675
033,3676
144,3676
145,3676
146,3676
146,3677
143,3678
144,3678
145,3679
154,3679
143,3680
146,3680
146,3681
146,3682
105,3683
146,3683
143,3686
144,3686
093,3687
146,3687
107,3688
143,3688
145,3688
144,3689
143,3690
146,3690
143,3691
146,3692
144,3693
146,3693
154,3693
155,3693
146,3694
155,3695
143,3696
144,3696
145,3696
154,3696
146,3697
146,3698
022,3708
145,3710
146,3710
146,3712
155,3719
144,3723
107,3726
141,3727
146,3727
146,3733
105,3738
124,3738
144,3739
146,3739
146,3741
146,3744
146,3747
154,3747
155,3747
096,3750
126,3750
141,3750
081,3751
083,3751
146,3753
144,3758
144,3760
093,3762
146,3762
146,3763
144,3765
146,3766
155,3768
124,3769
107,3770
144,3770
145,3770
146,3771
126,3772
141,3772
155,3772
146,3773
142,3774
146,3774
146,3775
146,3776
012,3777
146,3777
146,3778
107,3779
141,3779
153,3779
155,3779
146,3782
146,3784
146,3787
146,3788
141,3791
144,3791
155,3791
143,3793
144,3793
146,3793
146,3796
146,3798
146,3799
146,3800
155,3802
093,3803
146,3803
146,3804
143,3807
155,3807
145,3808
144,3810
146,3814
144,3815
146,3816
093,3817
146,3817
146,3823
146,3824
154,3824
155,3824
126,3825
146,3825
146,3826
142,3830
146,3830
142,3834
146,3835
146,3836
146,3837
146,3839
062,3840
107,3840
124,3840
141,3840
155,3840
156,3840
146,3841
146,3842
142,3843
143,3843
146,3843
146,3844
107,3845
144,3845
145,3845
146,3847
146,3848
146,3849
146,3850
144,3851
146,3852
146,3853
145,3854
146,3854
154,3854
093,3856
146,3857
146,3858
022,3861
023,3861
022,3863
021,3864
022,3864
023,3864
022,3865
022,3877
022,3878
023,3878
022,3880
023,3891
032,3891
036,3891
022,3892
021,3895
022,3895
021,3896
036,3896
042,3896
145,3900
145,3901
155,3901
146,3902
144,3903
144,3904
146,3904
143,3905
146,3905
155,3905
143,3906
146,3906
144,3907
146,3907
154,3907
155,3907
146,3908
143,3909
146,3909
146,3910
144,3911
144,3912
146,3913
146,3914
146,3915
093,3916
146,3916
143,3917
146,3917
146,3918
143,3919
146,3919
146,3920
146,3921
143,3922
155,3922
146,3923
154,3923
155,3923
146,3924
146,3925
145,3926
156,3926
146,3927
144,3928
125,3929
155,3929
143,3930
145,3930
146,3930
141,3931
143,3931
144,3931
145,3931
146,3931
144,3932
146,3933
153,3933
052,3934
105,3934
107,3934
142,3934
144,3935
145,3936
146,3936
154,3936
146,3937
124,3938
143,3938
144,3938
145,3938
146,3939
146,3940
022,3941
027,3941
022,3943
027,3943
022,3944
027,3944
022,3945
027,3945
022,3946
083,3946
022,3947
027,3947
062,3948
155,3948
022,3950
027,3950
022,3951
027,3951
155,3951
022,3952
022,3953
027,3954
062,3955
022,3956
033,3960
143,3961
146,3962
145,3963
154,3963
106,3964
145,3964
146,3965
143,3966
144,3966
145,3966
155,3966
146,3967
155,3967
146,3968
146,3969
143,3970
145,3970
146,3970
146,3974
152,3974
155,3974
143,3975
144,3975
152,3975
146,3976
143,3977
155,3977
155,3978
145,3979
146,3979
155,3979
144,3981
143,3983
146,3983
143,3984
146,3984
146,3985
146,3986
034,3987
146,3987
146,3988
143,3989
145,3989
144,3990
145,3991
154,3991
146,3992
146,3993
144,3994
145,3994
107,3995
144,3995
145,3995
146,3996
146,3997
153,3998
146,3999
023,4004
025,4004
026,4004
032,4004
034,4004
023,4005
024,4005
032,4005
036,4005
071,4005
023,4008
071,4008
146,4011
146,4012
033,4013
146,4013
145,4014
023,4021
071,4021
023,4022
032,4022
021,4023
023,4023
025,4023
027,4023
071,4023
023,4025
023,4026
082,4026
023,4027
023,4028
023,4031
023,4041
071,4041
023,4042
024,4042
023,4043
025,4043
036,4043
071,4043
082,4043
021,4044
023,4044
025,4044
023,4045
023,4046
024,4046
071,4046
082,4046
023,4047
032,4047
124,4051
146,4052
146,4053
154,4053
155,4053
146,4054
146,4055
146,4056
146,4057
146,4058
144,4059
145,4059
146,4060
023,4061
024,4061
025,4061
027,4061
036,4061
025,4062
036,4062
042,4062
081,4062
023,4063
036,4063
023,4064
036,4064
081,4064
082,4064
023,4078
071,4078
032,4080
023,4082
023,4088
071,4088
023,4091
071,4091
023,4092
032,4092
071,4092
023,4093
023,4094
023,4095
026,4095
032,4095
023,4097
023,4098
023,4099
082,4099
023,4100
032,4100
023,4102
011,4107
023,4107
023,4109
032,4109
023,4112
023,4113
071,4113
023,4114
042,4114
071,4114
023,4115
023,4116
023,4118
027,4118
032,4118
036,4118
051,4118
071,4118
023,4119
023,4120
071,4120
023,4124
023,4151
071,4151
023,4182
021,4183
023,4183
023,4185
024,4185
023,4186
032,4186
023,4187
012,4188
021,4188
023,4188
025,4188
032,4188
071,4188
023,4189
023,4202
032,4202
023,4203
027,4203
033,4203
036,4203
023,4204
082,4204
083,4204
023,4205
024,4205
032,4205
023,4206
036,4206
082,4206
023,4208
024,4208
025,4208
032,4208
071,4208
082,4208
093,4208
027,4212
082,4212
023,4215
082,4215
023,4216
082,4216
023,4218
062,4218
071,4218
023,4220
027,4220
023,4221
027,4221
082,4221
023,4222
032,4222
042,4222
082,4222
082,4224
023,4228
027,4228
042,4228
082,4228
023,4229
051,4229
023,4231
024,4231
023,4234
027,4234
023,4235
023,4237
032,4237
023,4238
027,4238
032,4238
032,4240
023,4241
071,4241
023,4242
032,4242
023,4243
032,4243
031,4245
093,4245
023,4246
042,4246
023,4247
025,4247
027,4248
042,4249
092,4249
042,4250
023,4251
027,4251
023,4272
071,4272
032,4274
023,4275
036,4275
155,4275
071,4282
146,4284
155,4286
146,4287
146,4288
155,4290
143,4293
124,4295
144,4295
141,4298
145,4298
146,4299
144,4301
146,4304
146,4307
155,4307
144,4308
146,4308
126,4310
155,4310
146,4312
144,4316
143,4317
144,4317
141,4318
145,4318
154,4318
155,4318
153,4319
155,4319
146,4320
126,4321
093,4323
146,4323
143,4324
146,4326
155,4326
153,4327
155,4327
152,4331
146,4333
143,4334
144,4334
146,4335
154,4336
155,4336
103,4337
141,4337
093,4341
105,4341
152,4342
151,4343
146,4344
125,4345
142,4346
151,4346
155,4346
105,4347
144,4347
144,4348
146,4348
093,4349
146,4349
103,4350
146,4350
126,4351
154,4351
155,4351
112,4355
152,4355
081,4356
146,4356
023,4361
071,4361
023,4362
071,4362
023,4364
071,4364
023,4365
023,4366
071,4366
155,4366
023,4367
071,4367
023,4368
051,4368
071,4368
023,4369
145,4380
146,4381
144,4382
146,4382
146,4383
145,4384
155,4384
107,4385
124,4385
145,4385
146,4386
143,4387
144,4387
145,4387
146,4388
146,4389
142,4390
152,4390
154,4390
093,4391
146,4391
032,4392
142,4392
146,4392
144,4393
146,4394
143,4395
146,4395
146,4396
146,4397
146,4398
083,4399
145,4399
152,4399
023,4401
051,4401
023,4403
051,4403
071,4403
023,4404
051,4404
023,4406
023,4409
023,4410
146,4420
146,4421
153,4421
155,4421
146,4422
142,4423
144,4424
146,4425
146,4426
146,4427
153,4427
146,4428
093,4429
146,4429
146,4430
093,4431
146,4431
107,4433
145,4433
154,4433
155,4433
146,4434
146,4435
144,4436
145,4436
083,4437
145,4437
146,4437
146,4438
093,4439
123,4439
142,4439
146,4440
155,4440
093,4441
146,4441
146,4442
145,4443
146,4443
146,4444
143,4445
145,4445
144,4446
146,4446
034,4447
146,4447
143,4448
146,4448
124,4449
143,4449
146,4449
146,4450
154,4450
155,4450
022,4452
023,4452
051,4452
052,4452
062,4452
023,4461
023,4462
032,4462
033,4462
092,4462
023,4463
062,4463
025,4464
042,4464
151,4464
152,4464
023,4465
062,4465
023,4471
146,4475
144,4476
146,4476
107,4477
124,4477
145,4477
146,4477
146,4478
145,4479
145,4480
146,4480
154,4480
146,4481
145,4482
155,4482
146,4483
155,4483
145,4484
154,4484
081,4485
146,4485
146,4486
143,4487
145,4487
146,4488
145,4490
154,4490
146,4491
146,4492
146,4493
146,4495
146,4496
145,4497
143,4499
051,4502
071,4502
071,4503
071,4506
071,4507
051,4512
071,4512
071,4514
051,4516
071,4516
051,4517
071,4517
071,4519
023,4521
071,4521
051,4523
071,4523
051,4524
071,4524
023,4526
051,4526
051,4527
062,4527
071,4527
071,4528
051,4530
071,4530
023,4531
051,4531
071,4531
062,4534
071,4534
071,4536
033,4538
071,4538
071,4539
071,4540
071,4541
033,4543
071,4543
071,4544
155,4544
071,4547
023,4548
071,4548
071,4549
051,4550
071,4550
071,4551
071,4552
071,4553
071,4554
071,4555
071,4556
071,4557
052,4558
094,4558
107,4558
051,4559
071,4559
071,4563
071,4564
071,4565
051,4568
071,4568
071,4569
071,4570
071,4571
071,4572
071,4574
071,4575
071,4576
023,4577
071,4577
051,4578
052,4578
071,4578
071,4579
051,4581
071,4581
071,4582
071,4583
071,4584
071,4586
071,4587
071,4588
071,4591
071,4592
071,4593
071,4594
071,4595
071,4596
071,4597
094,4597
071,4598
071,4599
023,4611
035,4611
023,4612
023,4613
023,4615
023,4616
023,4617
023,4619
042,4619
023,4620
023,4621
023,4623
062,4623
023,4624
023,4625
023,4626
036,4626
023,4627
023,4628
023,4629
023,4631
023,4633
093,4633
023,4634
023,4635
023,4636
146,4640
154,4640
155,4640
154,4641
155,4641
083,4642
144,4644
155,4644
153,4645
082,4649
083,4649
152,4649
151,4650
081,4651
082,4651
083,4651
093,4651
152,4651
155,4651
112,4653
081,4657
083,4657
081,4658
082,4658
083,4658
155,4659
151,4661
156,4661
146,4662
082,4664
083,4664
152,4664
154,4664
155,4664
111,4665
125,4665
152,4665
083,4666
125,4666
146,4667
153,4668
125,4669
071,4671
101,4671
103,4671
081,4673
146,4674
107,4676
141,4676
144,4676
153,4678
152,4679
151,4680
151,4681
156,4681
093,4684
146,4684
093,4685
146,4685
146,4686
146,4687
107,4689
124,4689
143,4689
144,4689
145,4689
131,4690
156,4691
071,4694
146,4694
152,4696
083,4699
093,4699
146,4699
146,4704
151,4705
153,4705
081,4707
083,4707
155,4708
146,4709
083,4712
151,4712
153,4714
146,4716
153,4718
146,4719
153,4720
146,4722
146,4725
146,4726
144,4728
106,4732
146,4733
146,4734
153,4735
146,4736
146,4739
146,4743
153,4745
093,4746
146,4746
083,4748
146,4748
155,4748
125,4750
143,4751
144,4751
145,4751
146,4752
152,4754
107,4755
121,4755
122,4755
124,4755
144,4755
145,4755
156,4755
143,4760
144,4760
146,4761
146,4762
143,4763
144,4763
154,4763
155,4763
146,4764
143,4765
155,4765
141,4766
145,4766
154,4766
155,4766
143,4767
093,4768
107,4768
145,4768
146,4768
155,4768
146,4769
146,4770
155,4771
107,4772
143,4772
144,4772
145,4772
146,4776
144,4777
146,4777
146,4779
153,4779
155,4779
082,4781
083,4781
146,4783
143,4784
083,4792
153,4792
155,4792
141,4800
144,4800
145,4800
146,4800
151,4801
083,4809
093,4812
146,4812
146,4813
146,4814
144,4816
124,4819
143,4819
145,4819
146,4819
146,4820
144,4824
146,4824
145,4825
146,4826
083,4827
146,4827
146,4828
144,4829
146,4829
146,4832
141,4833
154,4834
155,4834
112,4837
151,4837
155,4837
144,4838
141,4839
061,4840
083,4840
146,4845
155,4845
146,4847
154,4848
155,4848
145,4849
154,4849
071,4875
062,4880
071,4880
094,4880
155,4880
071,4883
023,4901
033,4901
034,4901
035,4901
036,4901
062,4901
071,4901
023,4902
032,4902
033,4902
034,4902
051,4911
062,4911
071,4911
023,4912
051,4912
062,4912
071,4912
023,4914
062,4917
062,4918
062,4919
062,4920
071,4920
051,4921
062,4921
071,4921
107,4921
062,4922
062,4923
051,4925
062,4925
071,4925
107,4925
062,4926
061,4927
062,4927
107,4927
051,4928
062,4928
071,4928
062,4929
051,4930
062,4930
071,4930
096,4930
107,4931
035,4933
062,4933
062,4934
023,4951
062,4951
023,4952
023,4955
023,4956
092,4956
023,4957
023,4958
051,4958
023,4960
023,4962
023,4963
023,4966
051,4967
062,4967
071,4967
072,4967
107,4967
023,4968
023,4970
032,4970
071,4970
023,4971
023,4972
031,4972
023,4973
033,4974
051,4974
071,4974
023,4975
023,4976
023,4977
051,4977
071,4977
071,4978
023,4979
023,4980
023,4985
062,4985
155,4985
023,4987
023,4990
023,4992
027,4994
032,4994
092,4995
023,4996
023,4997
023,4998
062,4998
023,4999
011,5008
093,5009
023,5010
081,5011
082,5011
023,5013
023,5015
011,5017
023,5018
011,5019
012,5019
023,5019
032,5019
011,5020
012,5020
023,5020
026,5020
093,5020
155,5020
011,5021
012,5021
023,5021
083,5070
083,5071
081,5072
125,5072
024,5101
042,5101
044,5101
024,5103
072,5103
096,5103
023,5104
024,5104
082,5104
024,5105
042,5105
082,5105
024,5108
042,5108
044,5108
063,5108
024,5110
042,5110
063,5110
024,5121
042,5121
063,5121
023,5122
024,5122
042,5122
072,5122
082,5122
023,5142
042,5142
061,5142
082,5142
042,5161
024,5162
072,5162
042,5184
024,5185
042,5185
024,5186
071,5187
024,5189
044,5189
024,5191
042,5191
024,5192
082,5192
024,5194
072,5194
023,5195
024,5195
036,5195
024,5199
071,5199
072,5199
023,5201
025,5201
036,5201
021,5202
025,5202
036,5202
022,5204
027,5204
062,5204
023,5208
036,5208
021,5210
023,5210
025,5210
027,5210
071,5212
021,5214
023,5214
025,5214
036,5214
025,5216
036,5216
023,5217
033,5218
036,5218
011,5232
025,5232
082,5232
011,5233
025,5233
082,5233
155,5233
082,5237
151,5261
156,5261
026,5262
081,5262
082,5262
026,5268
082,5268
081,5269
082,5269
081,5271
082,5271
082,5273
146,5273
082,5277
082,5279
025,5280
082,5280
083,5280
081,5282
082,5282
012,5283
025,5283
051,5283
052,5283
082,5283
093,5283
095,5283
141,5283
155,5283
082,5284
082,5285
081,5287
082,5287
081,5288
082,5288
036,5290
081,5290
082,5290
025,5301
025,5302
032,5302
025,5304
025,5310
025,5331
032,5331
036,5331
062,5331
025,5332
082,5332
025,5333
026,5333
025,5334
036,5334
042,5334
082,5337
082,5341
082,5342
025,5343
062,5343
082,5343
025,5344
036,5344
082,5351
025,5352
082,5352
082,5355
025,5356
031,5356
082,5356
082,5357
025,5358
082,5358
025,5363
082,5363
025,5367
032,5367
033,5367
082,5367
082,5368
082,5380
025,5381
025,5384
082,5386
082,5387
023,5388
082,5388
081,5391
082,5391
023,5393
042,5393
082,5393
025,5395
023,5401
025,5401
026,5401
044,5401
081,5401
146,5401
026,5406
031,5406
032,5406
026,5408
026,5410
026,5411
043,5411
081,5411
026,5423
026,5440
082,5440
155,5440
026,5444
043,5444
044,5444
155,5444
026,5445
026,5446
026,5449
044,5449
026,5451
082,5451
026,5458
026,5461
026,5463
026,5464
023,5471
026,5471
032,5471
042,5471
026,5476
032,5476
042,5476
026,5480
026,5481
026,5482
026,5484
032,5484
023,5486
026,5486
042,5486
026,5491
026,5541
026,5542
032,5542
023,5563
026,5563
032,5563
026,5602
032,5602
081,5602
082,5602
026,5603
032,5607
042,5607
062,5607
026,5609
026,5610
042,5610
082,5610
026,5612
081,5612
082,5612
026,5614
031,5614
081,5614
026,5631
031,5631
032,5631
026,5632
042,5632
032,5644
042,5644
026,5658
026,5659
026,5660
155,5690
023,5695
026,5697
155,5698
155,5699
026,5702
026,5703
082,5703
032,5704
155,5704
026,5706
032,5706
042,5706
026,5707
093,5707
023,5711
025,5711
026,5711
032,5711
036,5711
082,5711
026,5713
032,5713
081,5713
093,5713
023,5714
026,5714
032,5714
155,5714
023,5715
026,5715
031,5715
032,5715
026,5721
083,5721
153,5721
026,5724
026,5726
036,5726
023,5727
026,5727
023,5729
026,5729
026,5741
026,5742
026,5753
026,5757
026,5781
032,5781
036,5781
012,5801
023,5801
026,5801
032,5801
034,5801
036,5801
042,5801
083,5801
131,5801
023,5802
026,5802
031,5802
032,5802
034,5802
036,5802
042,5802
081,5802
026,5803
034,5803
036,5803
042,5803
083,5803
026,5805
036,5805
026,5807
036,5807
026,5809
026,5816
036,5816
026,5817
026,5819
036,5819
023,5820
026,5820
026,5821
071,5821
026,5851
032,5851
082,5851
026,5852
042,5852
082,5852
026,5856
052,5856
083,5856
101,5856
153,5856
026,5857
155,5857
026,5858
082,5900
027,5901
027,5902
155,5902
033,5903
027,5905
033,5906
034,5906
035,5906
027,5907
035,5909
082,5909
081,5911
081,5912
081,5915
081,5918
081,5921
031,5922
081,5922
081,5923
082,5928
082,5929
082,5930
083,5930
026,5932
082,5932
093,5932
034,5933
093,5933
125,5933
082,5935
082,5936
082,5938
103,5938
082,5939
082,5940
033,5941
023,5942
031,5942
032,5942
036,5942
082,5943
032,5945
035,5946
082,5946
033,5947
035,5947
082,5947
042,5949
026,5950
035,5951
026,5952
031,5953
033,5953
026,5955
062,5956
026,5957
032,5957
082,5958
026,5959
082,5959
156,5959
032,5962
032,5964
081,5964
033,5965
032,5966
032,5967
026,5969
032,5969
042,5970
026,5971
082,5973
026,5974
031,5974
032,5975
042,5975
026,5976
032,5976
093,5979
026,5981
033,5982
026,5983
033,5983
034,5983
081,5983
032,5984
026,5985
026,5986
042,5986
093,5986
026,5987
026,5988
042,5989
032,5990
026,5991
032,5991
042,5991
063,5991
026,5992
042,5992
026,5993
031,5994
042,5994
044,5994
033,5997
034,5997
035,5997
026,5998
026,5999
031,6005
033,6005
031,6013
043,6016
043,6018
043,6022
031,6023
043,6023
155,6025
143,6026
145,6027
154,6028
155,6028
094,6029
145,6029
155,6029
156,6030
143,6031
145,6032
154,6032
155,6032
144,6033
154,6033
155,6033
145,6034
154,6034
128,6035
155,6035
042,6036
103,6036
145,6037
141,6038
145,6038
146,6038
155,6038
155,6039
151,6040
042,6042
043,6042
082,6044
083,6044
143,6045
143,6046
145,6046
143,6047
144,6047
145,6048
145,6049
146,6050
145,6054
154,6054
081,6055
155,6058
151,6059
152,6059
152,6060
125,6061
152,6062
155,6063
152,6064
155,6064
155,6066
051,6067
146,6067
155,6067
143,6069
154,6070
155,6070
143,6071
145,6071
152,6071
081,6072
083,6072
083,6073
152,6073
151,6074
156,6076
152,6077
145,6078
155,6078
155,6080
143,6081
146,6081
112,6082
083,6083
083,6085
155,6086
146,6087
154,6087
155,6087
155,6088
154,6089
155,6089
071,6090
154,6090
155,6090
081,6091
083,6091
151,6091
155,6091
081,6092
083,6092
092,6092
093,6092
146,6093
155,6093
143,6094
145,6095
154,6095
153,6096
141,6098
145,6098
154,6098
155,6098
156,6098
152,6099
155,6099
032,6101
032,6103
031,6104
032,6104
026,6111
032,6111
032,6112
032,6113
032,6118
032,6121
032,6125
032,6131
032,6134
032,6135
032,6136
023,6137
032,6137
032,6138
032,6140
032,6141
033,6141
027,6142
032,6142
032,6143
031,6144
032,6144
032,6145
032,6146
032,6147
041,6147
032,6149
032,6150
026,6151
031,6151
032,6151
032,6155
032,6156
032,6157
032,6158
032,6159
032,6161
032,6164
032,6165
032,6166
032,6167
081,6171
083,6171
124,6172
143,6172
146,6172
152,6173
071,6174
094,6174
143,6175
145,6175
154,6175
141,6176
146,6176
105,6177
107,6177
143,6177
144,6177
145,6177
121,6178
123,6178
132,6178
143,6180
152,6181
146,6182
153,6182
155,6182
071,6183
146,6183
155,6183
141,6184
145,6184
143,6185
102,6186
152,6186
145,6187
152,6187
153,6187
154,6187
146,6188
154,6188
155,6188
152,6189
071,6190
146,6191
156,6191
083,6192
155,6192
146,6193
155,6193
145,6194
154,6194
143,6195
155,6196
152,6197
154,6197
155,6197
154,6198
155,6198
146,6199
153,6200
155,6200
031,6201
032,6201
041,6201
042,6201
132,6201
031,6203
032,6203
041,6203
082,6203
032,6205
032,6208
032,6210
032,6217
032,6218
041,6218
032,6222
033,6231
033,6232
032,6233
033,6233
081,6233
082,6233
093,6233
032,6235
031,6236
154,6236
155,6236
031,6237
033,6238
063,6238
144,6238
031,6239
032,6239
032,6240
032,6245
032,6246
026,6247
031,6247
032,6247
026,6248
031,6248
033,6249
031,6250
032,6250
031,6254
032,6255
033,6257
031,6258
032,6258
032,6262
032,6264
031,6265
032,6266
032,6267
031,6268
032,6268
042,6268
043,6268
044,6268
081,6269
031,6271
032,6272
031,6273
032,6276
032,6277
032,6278
032,6279
031,6281
041,6281
093,6281
125,6281
026,6282
032,6284
031,6286
032,6286
081,6286
093,6286
106,6286
032,6287
033,6287
034,6287
062,6287
032,6289
081,6289
033,6291
032,6292
032,6293
032,6294
031,6295
032,6297
081,6297
032,6298
031,6299
032,6299
155,6299
031,6301
032,6301
043,6301
044,6301
031,6302
032,6302
043,6302
031,6303
043,6303
031,6305
032,6305
041,6305
031,6306
081,6306
031,6307
032,6307
032,6309
092,6309
032,6310
032,6312
051,6312
032,6315
031,6316
032,6316
034,6316
031,6317
032,6317
042,6317
081,6317
031,6319
032,6319
042,6319
125,6319
031,6322
032,6322
033,6322
032,6323
031,6324
036,6324
026,6325
032,6325
026,6326
031,6326
032,6326
033,6326
031,6327
032,6327
036,6327
031,6328
032,6328
033,6328
093,6328
081,6330
031,6331
032,6331
081,6331
031,6332
032,6332
081,6332
031,6333
036,6333
032,6334
081,6334
032,6335
032,6336
036,6336
032,6337
032,6338
025,6339
031,6339
032,6339
032,6340
032,6342
032,6343
036,6343
083,6343
041,6345
032,6346
032,6347
032,6349
031,6351
031,6355
032,6355
044,6355
031,6356
042,6356
031,6357
032,6357
081,6357
155,6357
032,6358
041,6358
032,6360
031,6361
032,6361
033,6361
081,6361
026,6362
081,6362
083,6362
031,6363
031,6364
026,6365
031,6365
081,6366
023,6367
031,6367
033,6367
035,6367
023,6368
031,6368
026,6369
031,6369
081,6369
023,6370
031,6370
031,6371
042,6371
031,6373
041,6373
042,6373
031,6376
033,6376
026,6378
032,6378
081,6378
081,6379
031,6380
031,6381
032,6381
031,6382
032,6382
042,6382
031,6383
036,6384
032,6387
031,6390
032,6390
041,6390
031,6391
032,6391
031,6392
031,6393
031,6395
032,6395
041,6395
031,6396
023,6400
032,6400
041,6402
031,6403
032,6405
031,6406
031,6407
032,6407
031,6408
042,6408
031,6409
033,6411
033,6412
033,6413
034,6413
031,6414
033,6414
033,6416
034,6416
033,6417
033,6418
033,6419
033,6420
033,6424
033,6425
033,6428
033,6430
032,6432
026,6433
031,6436
033,6436
146,6436
026,6439
032,6440
033,6444
042,6444
032,6445
032,6448
033,6448
034,6448
151,6448
032,6454
033,6454
062,6454
082,6454
034,6455
041,6455
033,6457
033,6458
033,6459
033,6460
144,6460
151,6460
042,6461
032,6462
042,6462
043,6462
042,6463
026,6464
031,6464
033,6465
026,6466
032,6467
042,6467
032,6469
155,6469
026,6470
031,6470
032,6470
042,6470
026,6471
042,6471
026,6472
042,6472
044,6472
026,6473
032,6473
042,6473
026,6474
031,6474
032,6474
026,6479
035,6479
036,6479
026,6480
032,6480
026,6481
032,6482
082,6484
082,6485
026,6486
042,6486
026,6488
026,6489
031,6489
026,6490
026,6492
026,6493
042,6493
031,6494
026,6495
026,6496
026,6497
026,6498
023,6501
025,6501
026,6501
031,6501
032,6501
033,6501
034,6501
035,6501
036,6501
037,6501
042,6501
044,6501
125,6501
146,6501
031,6502
032,6502
033,6502
034,6502
035,6502
036,6502
037,6502
044,6502
146,6502
031,6503
032,6503
033,6503
034,6503
035,6503
036,6503
037,6503
042,6503
044,6503
134,6503
146,6503
031,6504
032,6504
033,6504
036,6504
044,6504
031,6505
032,6505
033,6505
034,6505
036,6505
044,6505
031,6506
032,6506
036,6506
146,6506
031,6507
032,6507
033,6507
041,6507
044,6507
031,6508
032,6508
033,6508
036,6508
081,6508
155,6508
023,6513
032,6513
036,6513
031,6516
036,6516
031,6517
032,6517
031,6518
036,6518
023,6531
155,6531
146,6532
155,6532
143,6533
143,6535
152,6537
145,6538
154,6538
154,6539
083,6540
146,6541
155,6541
083,6542
143,6543
144,6543
082,6544
083,6544
145,6545
152,6545
155,6545
082,6546
083,6546
156,6547
156,6548
143,6549
155,6549
143,6550
101,6551
145,6551
154,6551
155,6551
145,6552
143,6553
154,6553
155,6553
146,6554
154,6554
155,6554
155,6555
152,6556
154,6556
146,6557
152,6557
145,6558
154,6558
145,6560
146,6560
153,6560
155,6560
103,6561
132,6561
156,6561
143,6562
146,6562
154,6563
155,6563
155,6564
156,6565
155,6566
152,6567
153,6567
154,6567
155,6567
023,6568
071,6568
155,6568
154,6569
155,6569
096,6570
151,6570
152,6571
143,6572
146,6572
143,6573
152,6574
153,6575
154,6575
155,6575
152,6576
153,6576
145,6577
156,6577
145,6578
155,6578
143,6579
143,6580
146,6580
153,6580
155,6580
026,6584
042,6584
032,6586
033,6588
034,6588
032,6590
033,6590
036,6592
031,6594
032,6594
033,6594
036,6594
042,6594
032,6596
034,6597
146,6597
034,6599
036,6599
155,6615
036,6616
031,6617
032,6617
033,6617
081,6617
036,6618
032,6619
035,6620
083,6620
031,6622
032,6622
036,6622
031,6623
036,6623
081,6623
083,6625
124,6625
125,6625
036,6626
155,6627
034,6628
035,6628
033,6629
034,6629
155,6629
035,6630
107,6630
034,6632
035,6632
042,6632
144,6632
032,6633
146,6633
034,6634
156,6634
155,6635
031,6637
043,6637
032,6638
032,6639
033,6639
034,6639
032,6640
036,6640
042,6640
031,6641
032,6641
031,6643
031,6644
032,6644
033,6644
032,6645
033,6645
036,6645
042,6645
034,6647
043,6647
044,6647
031,6648
031,6651
034,6652
036,6652
031,6653
034,6654
036,6654
031,6655
033,6655
034,6655
036,6655
032,6656
036,6658
034,6659
036,6662
146,6662
036,6663
034,6664
036,6666
032,6668
033,6668
036,6668
034,6670
032,6674
036,6674
034,6675
034,6676
032,6677
036,6677
033,6678
071,6678
035,6694
155,6695
034,6696
146,6696
036,6697
032,6698
033,6698
036,6699
042,6699
032,6701
033,6701
034,6701
037,6701
134,6701
142,6701
146,6701
032,6702
033,6702
034,6702
036,6702
037,6702
042,6702
146,6702
033,6703
034,6703
146,6703
032,6704
033,6704
034,6704
036,6704
032,6706
034,6706
081,6706
036,6707
032,6709
033,6709
034,6709
134,6709
034,6715
034,6718
032,6721
033,6722
036,6723
032,6724
033,6724
034,6724
035,6724
036,6724
062,6724
034,6727
026,6728
031,6728
032,6728
036,6730
034,6731
035,6731
146,6731
034,6734
033,6736
034,6736
146,6736
034,6737
036,6740
031,6741
033,6741
034,6741
044,6741
033,6742
034,6742
036,6742
033,6743
034,6743
034,6744
082,6744
083,6744
034,6745
023,6748
032,6748
033,6748
034,6748
036,6748
034,6750
062,6750
023,6752
031,6752
032,6752
033,6752
034,6752
035,6752
036,6752
037,6752
042,6752
044,6752
082,6752
032,6753
033,6753
034,6753
035,6753
036,6753
037,6753
032,6754
033,6754
034,6754
033,6755
034,6755
035,6755
062,6757
034,6758
035,6758
036,6758
037,6758
063,6758
121,6758
123,6758
142,6758
144,6758
025,6762
032,6762
036,6762
036,6763
032,6768
034,6768
036,6768
036,6769
034,6770
036,6770
042,6770
131,6770
034,6771
036,6772
042,6772
033,6775
034,6775
023,6776
027,6776
042,6776
032,6777
033,6777
032,6778
033,6778
036,6779
032,6785
036,6785
143,6786
146,6786
152,6786
036,6787
062,6788
071,6788
032,6789
033,6789
034,6789
035,6794
032,6797
033,6797
034,6797
036,6798
034,6800
036,6800
042,6800
034,6803
035,6803
035,6804
036,6804
036,6806
036,6807
044,6807
134,6807
034,6809
023,6810
032,6810
034,6810
032,6814
034,6814
043,6814
034,6815
035,6815
036,6817
144,6819
151,6819
155,6819
034,6820
034,6822
081,6822
032,6823
033,6823
034,6824
036,6824
036,6826
036,6832
032,6834
036,6834
034,6835
034,6836
036,6837
034,6838
093,6838
033,6839
034,6839
035,6839
036,6840
032,6841
033,6841
146,6841
036,6844
042,6844
012,6845
032,6845
033,6845
036,6845
082,6845
083,6845
146,6845
032,6846
036,6846
032,6848
033,6848
034,6848
033,6849
032,6850
033,6850
036,6850
032,6852
033,6852
146,6852
032,6853
033,6853
032,6855
032,6856
033,6856
032,6857
032,6858
033,6858
032,6859
033,6859
032,6861
033,6861
034,6861
036,6861
032,6862
032,6863
033,6863
036,6863
032,6864
033,6864
036,6864
032,6866
033,6866
032,6867
033,6867
033,6869
071,6869
033,6870
034,6870
036,6870
032,6871
093,6874
146,6874
036,6875
025,6877
032,6877
034,6879
143,6879
144,6879
155,6879
021,6881
036,6881
036,6882
146,6888
032,6890
032,6894
033,6894
035,6897
023,6898
036,6898
036,6899
042,6899
031,6901
035,6901
042,6901
042,6902
034,6904
042,6904
036,6905
033,6907
036,6907
155,6907
036,6908
032,6912
033,6912
036,6912
034,6914
036,6914
021,6915
032,6915
034,6916
032,6918
033,6918
155,6918
036,6919
032,6920
033,6920
036,6923
042,6923
032,6924
032,6925
034,6925
032,6926
034,6926
036,6926
032,6927
154,6927
155,6927
036,6928
036,6929
034,6930
081,6930
032,6932
035,6932
096,6932
032,6937
036,6937
036,6938
023,6941
036,6941
146,6942
036,6943
146,6944
033,6945
034,6945
036,6945
032,6946
033,6946
034,6946
036,6946
146,6947
032,6951
033,6951
036,6951
033,6952
034,6952
035,6952
063,6952
031,6954
032,6954
032,6955
036,6955
036,6957
036,6958
033,6960
023,6961
033,6961
036,6961
036,6962
036,6963
023,6964
026,6964
042,6964
032,6965
033,6965
036,6965
026,6966
032,6966
036,6966
036,6967
036,6969
025,6971
032,6971
033,6971
034,6971
036,6971
042,6971
061,6971
071,6971
036,6973
093,6973
146,6973
034,6976
036,6976
036,6977
025,6981
032,6981
033,6981
034,6981
036,6981
032,6982
042,6982
032,6986
034,6986
063,6986
023,6988
036,6988
036,6989
032,6993
031,6994
036,6994
042,6995
031,6996
036,6996
036,6997
026,6998
032,6998
025,6999
036,6999
031,7003
043,7003
081,7003
031,7004
032,7004
033,7004
043,7004
081,7004
031,7011
032,7011
033,7011
034,7011
035,7011
042,7011
043,7011
044,7011
081,7011
134,7011
031,7012
032,7012
033,7012
034,7012
041,7012
043,7012
044,7012
081,7012
134,7012
026,7013
031,7013
032,7013
033,7013
034,7013
043,7013
044,7013
081,7013
082,7013
134,7013
043,7014
081,7014
043,7018
011,7021
043,7021
031,7022
043,7022
151,7022
151,7030
153,7030
146,7033
155,7034
144,7035
146,7035
143,7036
144,7036
152,7037
155,7038
155,7039
152,7040
156,7040
154,7041
155,7041
143,7042
155,7042
153,7043
155,7043
143,7044
155,7044
154,7045
155,7045
146,7046
155,7046
145,7047
154,7047
145,7048
156,7048
153,7049
155,7049
143,7050
083,7056
146,7056
083,7057
152,7058
154,7059
155,7059
143,7060
144,7060
145,7060
153,7060
154,7060
152,7061
152,7062
143,7063
144,7063
143,7064
145,7064
154,7064
125,7065
153,7066
154,7066
155,7066
143,7067
146,7067
143,7068
143,7069
145,7069
152,7070
152,7071
143,7072
153,7073
154,7073
155,7073
107,7074
151,7074
153,7074
152,7075
154,7075
155,7075
155,7076
145,7077
143,7078
144,7078
146,7078
071,7079
155,7079
143,7080
145,7080
154,7080
083,7081
096,7081
125,7081
143,7082
145,7082
111,7083
152,7083
154,7083
152,7084
151,7085
152,7086
093,7087
154,7087
155,7087
154,7088
155,7088
154,7089
155,7089
094,7090
123,7090
146,7090
155,7090
152,7091
143,7093
155,7093
143,7094
155,7094
143,7095
152,7097
154,7098
155,7098
031,7102
032,7102
044,7102
031,7105
044,7122
155,7148
121,7150
123,7157
121,7161
126,7162
124,7164
121,7167
123,7169
154,7169
155,7169
123,7170
125,7172
126,7172
121,7173
122,7175
126,7176
122,7177
126,7177
121,7180
123,7181
121,7182
124,7183
121,7184
125,7184
126,7185
121,7186
083,7187
124,7187
121,7189
124,7189
126,7190
124,7191
083,7192
123,7192
124,7192
124,7196
124,7198
124,7199
125,7199
031,7201
041,7201
125,7201
031,7202
041,7202
033,7203
041,7203
125,7203
041,7205
042,7208
041,7211
125,7211
042,7212
033,7213
034,7213
035,7213
036,7213
026,7214
042,7214
042,7215
042,7217
042,7218
042,7219
041,7220
042,7220
041,7222
031,7224
041,7224
044,7224
031,7226
041,7226
031,7227
032,7227
042,7227
042,7228
042,7229
041,7230
042,7230
024,7231
026,7231
042,7231
042,7235
042,7236
042,7238
044,7238
042,7239
024,7240
036,7240
042,7240
033,7241
034,7241
042,7241
031,7242
042,7242
044,7242
042,7244
026,7245
041,7246
042,7246
042,7247
044,7247
026,7249
026,7250
042,7250
042,7251
031,7254
042,7254
032,7255
041,7255
042,7255
042,7256
042,7259
041,7261
125,7261
032,7264
042,7264
042,7265
036,7266
042,7266
031,7267
032,7267
033,7267
041,7267
043,7267
125,7267
042,7268
041,7269
043,7269
125,7269
031,7270
032,7270
041,7270
044,7270
134,7270
032,7271
042,7271
031,7272
032,7272
033,7272
041,7272
043,7272
044,7272
042,7273
041,7274
042,7274
032,7276
033,7276
034,7276
042,7276
044,7276
042,7277
042,7278
032,7279
042,7279
043,7279
071,7279
036,7280
042,7280
036,7282
042,7282
042,7283
042,7284
034,7287
036,7287
042,7287
042,7291
042,7292
042,7294
031,7296
041,7296
042,7296
042,7297
041,7298
042,7298
042,7299
026,7305
044,7305
044,7309
063,7309
042,7313
033,7314
034,7314
026,7315
042,7315
032,7317
042,7317
083,7320
155,7320
121,7321
125,7321
121,7322
124,7322
125,7322
123,7325
146,7325
123,7326
121,7327
122,7327
124,7327
125,7327
121,7337
126,7338
123,7339
146,7351
154,7351
145,7352
146,7352
154,7352
155,7352
153,7353
155,7353
154,7354
155,7354
083,7355
154,7355
155,7355
145,7356
062,7399
044,7408
111,7412
151,7412
095,7413
093,7414
102,7416
082,7417
093,7417
125,7417
105,7419
093,7420
111,7421
096,7422
083,7425
093,7425
083,7426
093,7426
096,7427
093,7433
093,7434
032,7435
093,7435
093,7438
012,7441
052,7441
093,7441
103,7441
111,7441
152,7441
096,7442
095,7443
096,7444
131,7444
102,7445
092,7446
094,7446
061,7447
102,7448
103,7450
095,7451
103,7453
102,7455
026,7456
095,7456
155,7456
144,7458
151,7458
094,7459
096,7459
061,7460
092,7460
093,7461
103,7461
012,7462
103,7462
093,7463
096,7463
125,7464
093,7466
093,7467
031,7472
093,7472
095,7475
101,7475
093,7476
094,7476
093,7477
093,7480
095,7481
022,7482
092,7482
096,7482
096,7483
102,7483
093,7485
012,7486
051,7486
093,7486
021,7487
092,7487
096,7487
033,7488
012,7490
093,7490
111,7490
102,7494
093,7500
096,7501
103,7501
152,7502
027,7504
092,7504
093,7505
146,7505
062,7506
096,7506
095,7508
101,7508
103,7508
103,7509
152,7509
031,7510
033,7510
093,7510
101,7512
105,7513
103,7514
101,7515
103,7516
093,7518
146,7518
096,7519
103,7519
101,7520
022,7521
032,7521
033,7521
051,7522
111,7522
112,7522
152,7522
103,7523
151,7523
156,7523
111,7524
031,7525
032,7525
033,7525
093,7525
145,7527
146,7527
093,7531
103,7532
125,7533
032,7537
033,7537
044,7537
093,7537
095,7538
083,7539
101,7544
102,7545
111,7550
093,7551
096,7552
144,7552
111,7554
096,7555
051,7559
112,7561
111,7562
061,7564
102,7564
081,7565
093,7565
155,7565
093,7567
081,7570
082,7570
093,7570
102,7571
071,7575
094,7575
103,7577
152,7578
111,7581
111,7585
093,7587
082,7590
103,7590
106,7593
125,7593
093,7594
125,7594
146,7595
095,7596
111,7596
061,7597
106,7599
125,7599
033,7600
094,7600
101,7601
106,7602
102,7603
111,7604
103,7605
061,7606
102,7606
093,7607
096,7608
093,7609
103,7610
111,7611
093,7613
155,7613
101,7614
111,7614
112,7614
102,7615
111,7616
105,7618
142,7618
081,7619
093,7619
111,7621
012,7623
106,7623
093,7624
111,7625
026,7628
042,7628
111,7630
071,7634
152,7634
093,7635
103,7636
093,7637
061,7638
102,7638
103,7640
101,7643
103,7646
033,7647
083,7647
101,7647
103,7647
151,7647
101,7649
103,7649
092,7670
093,7670
107,7671
145,7671
106,7672
125,7672
132,7672
152,7672
093,7673
111,7674
095,7675
106,7676
093,7677
111,7678
101,7679
103,7679
106,7680
094,7681
112,7681
155,7681
111,7682
061,7683
102,7683
092,7685
096,7685
103,7685
107,7685
145,7685
095,7686
101,7686
095,7687
107,7687
103,7688
152,7688
096,7689
107,7689
145,7689
093,7690
106,7690
107,7691
143,7691
144,7691
145,7691
012,7692
031,7692
031,7701
032,7701
033,7701
044,7701
093,7701
134,7701
033,7702
071,7702
032,7705
033,7705
036,7705
033,7707
032,7709
032,7711
033,7711
033,7713
031,7715
032,7715
033,7715
036,7715
033,7716
071,7716
032,7717
033,7717
032,7718
033,7718
034,7718
036,7718
032,7719
033,7719
093,7719
031,7721
032,7721
034,7721
036,7721
043,7721
032,7722
033,7722
032,7723
033,7723
036,7723
031,7725
032,7725
033,7725
026,7726
032,7726
033,7726
032,7727
033,7727
036,7727
032,7729
033,7729
071,7730
032,7731
033,7731
035,7731
036,7731
032,7732
033,7732
032,7733
033,7733
035,7733
032,7734
033,7734
036,7734
032,7735
033,7739
034,7739
033,7740
032,7741
033,7741
036,7741
071,7741
072,7741
102,7741
072,7743
102,7743
051,7744
062,7744
071,7744
094,7744
107,7744
141,7744
155,7744
032,7745
033,7745
025,7746
033,7746
071,7747
032,7748
071,7749
032,7751
033,7751
034,7751
035,7751
036,7751
033,7752
034,7752
146,7752
032,7758
033,7758
034,7758
036,7758
032,7760
033,7760
032,7762
033,7762
034,7762
035,7762
036,7762
036,7768
042,7768
033,7769
034,7769
035,7769
042,7769
035,7771
072,7771
071,7774
033,7775
071,7775
071,7776
071,7777
033,7779
072,7779
072,7780
102,7780
154,7781
155,7781
072,7782
061,7790
102,7790
027,7800
062,7800
063,7803
143,7803
144,7803
155,7804
155,7805
096,7806
072,7807
082,7808
083,7808
063,7809
096,7809
103,7809
061,7810
027,7811
155,7811
155,7812
062,7813
072,7813
155,7814
082,7815
083,7815
155,7815
063,7816
071,7817
072,7817
155,7817
062,7818
096,7819
082,7820
082,7821
082,7822
152,7823
023,7826
036,7826
082,7827
125,7827
151,7827
061,7829
102,7829
141,7831
155,7831
033,7832
063,7832
144,7832
151,7832
155,7833
034,7836
083,7837
155,7838
041,7839
042,7839
062,7840
072,7840
026,7841
042,7841
063,7841
143,7844
144,7844
062,7846
063,7847
141,7849
145,7849
155,7850
146,7851
155,7851
155,7855
023,7856
107,7857
141,7857
155,7857
034,7859
082,7859
145,7859
143,7860
144,7860
093,7862
146,7862
155,7862
027,7863
155,7863
027,7864
032,7864
155,7864
063,7865
063,7867
144,7867
141,7868
151,7868
152,7868
155,7868
062,7869
152,7869
155,7870
082,7871
061,7872
102,7872
062,7874
093,7875
155,7875
023,7877
042,7877
061,7878
082,7879
155,7883
032,7885
033,7885
062,7885
072,7885
082,7885
023,7886
031,7886
082,7887
023,7888
032,7888
042,7888
155,7893
027,7894
027,7895
082,7896
082,7897
082,7898
023,7899
155,7901
032,7902
036,7902
082,7903
083,7903
082,7905
083,7905
063,7906
151,7906
023,7908
023,7911
032,7911
036,7911
144,7911
155,7911
023,7912
032,7912
036,7912
052,7912
144,7912
155,7912
036,7914
146,7914
155,7914
023,7915
036,7915
155,7915
023,7916
155,7916
023,7917
027,7917
082,7917
111,7918
155,7918
032,7919
155,7919
155,7921
155,7922
023,7923
027,7923
031,7925
082,7925
023,7927
032,7927
036,7927
023,7928
082,7928
036,7931
082,7931
023,7932
051,7932
062,7932
071,7932
063,7936
061,7937
102,7937
061,7938
102,7938
034,7939
021,7940
023,7940
062,7940
023,7942
027,7942
082,7943
062,7945
155,7946
027,7947
062,7949
082,7949
082,7950
034,7951
035,7951
063,7951
151,7951
034,7952
063,7952
151,7952
023,7953
033,7955
082,7955
062,7956
152,7956
062,7957
023,7958
042,7958
062,7958
062,7959
096,7959
141,7959
142,7959
012,7961
081,7961
082,7961
062,7962
103,7962
061,7963
035,7965
022,7966
023,7966
032,7966
036,7966
023,7970
027,7970
071,7970
082,7970
062,7971
082,7971
062,7972
083,7972
063,7974
144,7974
062,7975
062,7976
025,7979
071,7979
061,7980
082,7981
032,7983
093,7983
062,7984
103,7984
107,7984
145,7984
031,7985
032,7985
033,7985
082,7985
033,7986
062,7986
033,7987
034,7987
062,7987
072,7987
155,7987
023,7988
032,7988
062,7988
031,7989
062,7989
063,7990
033,7991
063,7991
032,7992
062,7992
033,7994
062,7994
023,7995
024,7995
042,7995
062,7997
032,7999
033,7999
146,7999
091,8001
091,8002
107,8005
095,8006
092,8007
093,8007
061,8008
102,8008
061,8011
092,8012
093,8012
061,8013
092,8014
093,8014
091,8015
061,8016
061,8018
062,8018
092,8018
091,8020
063,8022
093,8023
146,8023
061,8025
102,8025
101,8028
061,8029
095,8030
091,8031
092,8032
032,8035
093,8035
012,8037
093,8037
095,8037
106,8037
095,8038
095,8039
061,8040
095,8041
051,8043
095,8043
095,8045
093,8046
125,8046
032,8050
033,8050
034,8050
035,8050
036,8050
072,8050
093,8051
096,8051
093,8052
091,8053
145,8056
146,8056
062,8057
146,8057
153,8057
091,8058
093,8059
093,8060
093,8061
093,8065
093,8066
141,8066
146,8066
093,8068
093,8070
093,8071
096,8072
141,8072
093,8074
093,8075
093,8076
093,8077
093,8078
095,8078
051,8079
093,8081
093,8084
093,8085
133,8085
033,8086
071,8086
093,8087
012,8088
092,8088
093,8088
083,8089
093,8089
092,8090
093,8090
032,8091
051,8091
093,8093
092,8095
094,8095
095,8095
093,8096
146,8096
012,8097
093,8097
092,8098
093,8098
092,8101
092,8103
093,8103
083,8104
093,8104
092,8105
102,8105
102,8107
051,8108
093,8108
095,8108
063,8111
022,8113
062,8113
072,8113
063,8114
061,8115
093,8117
061,8118
093,8119
096,8119
096,8123
125,8125
061,8127
094,8129
103,8129
082,8130
093,8130
096,8130
012,8131
093,8131
012,8132
093,8132
012,8133
093,8133
063,8135
096,8135
063,8136
144,8136
151,8136
155,8136
093,8137
092,8138
093,8138
061,8139
093,8140
093,8141
095,8142
101,8142
061,8143
093,8144
096,8144
023,8145
051,8145
095,8145
093,8147
093,8150
093,8151
092,8152
111,8153
093,8154
155,8154
036,8155
093,8155
093,8157
146,8157
155,8157
092,8158
093,8159
111,8160
111,8163
107,8165
102,8166
101,8167
103,8167
103,8168
105,8173
012,8174
093,8174
111,8179
156,8179
111,8181
101,8182
103,8182
103,8184
102,8185
103,8186
101,8190
151,8190
101,8194
101,8198
111,8200
105,8202
103,8203
111,8207
103,8208
111,8209
102,8214
151,8214
152,8214
061,8215
102,8215
101,8217
103,8218
102,8219
103,8219
095,8225
151,8225
093,8226
061,8227
102,8227
095,8228
103,8230
152,8230
101,8233
101,8237
101,8242
101,8244
101,8247
092,8249
093,8249
101,8252
124,8252
124,8253
101,8254
101,8255
092,8256
096,8256
101,8257
101,8260
101,8267
121,8267
124,8267
101,8273
093,8275
105,8275
146,8275
101,8276
101,8278
101,8279
103,8281
105,8282
094,8283
096,8283
023,8285
032,8285
071,8285
081,8285
092,8285
093,8285
146,8285
101,8287
103,8289
106,8291
152,8291
106,8293
125,8293
106,8298
121,8301
121,8303
124,8303
121,8304
121,8306
122,8306
121,8308
121,8309
121,8316
122,8316
124,8316
125,8316
121,8331
121,8334
121,8336
121,8337
121,8338
121,8341
121,8342
121,8343
121,8344
121,8345
121,8346
121,8349
121,8350
121,8354
121,8355
121,8356
121,8358
121,8359
121,8360
121,8361
121,8362
121,8363
121,8364
121,8365
121,8366
121,8367
121,8368
121,8369
121,8370
121,8377
121,8381
121,8382
121,8383
121,8385
121,8386
121,8387
121,8388
121,8392
121,8393
121,8395
121,8397
121,8398
121,8399
121,8410
121,8411
122,8411
121,8416
121,8418
121,8421
125,8424
125,8425
125,8439
126,8462
155,8462
121,8473
122,8473
126,8473
083,8508
121,8508
124,8508
126,8508
122,8511
124,8515
126,8518
121,8521
121,8522
121,8524
121,8527
121,8530
121,8537
121,8540
121,8541
121,8542
121,8544
121,8550
121,8551
121,8554
121,8558
121,8559
121,8560
121,8562
121,8563
125,8566
121,8570
124,8570
124,8572
126,8572
124,8584
124,8585
125,8586
124,8589
121,8591
123,8591
124,8591
125,8591
126,8591
125,8593
125,8594
126,8595
125,8596
121,8600
122,8601
122,8604
122,8609
122,8613
122,8614
122,8616
122,8617
122,8622
122,8624
122,8628
123,8630
152,8630
128,8697
122,8698
121,8699
122,8699
126,8699
122,8700
122,8704
126,8704
126,8705
122,8706
122,8707
122,8708
121,8713
121,8714
123,8715
123,8725
126,8732
122,8737
126,8737
126,8739
126,8740
126,8742
126,8746
126,8747
123,8750
123,8766
123,8769
154,8769
155,8769
124,8771
124,8772
126,8783
126,8789
125,8793
123,8795
123,8798
083,8801
083,8802
083,8803
083,8804
082,8806
083,8806
082,8818
083,8818
083,8830
011,8835
083,8835
093,8835
152,8835
083,8836
083,8841
083,8842
111,8842
151,8842
083,8844
083,8848
083,8850
083,8854
083,8860
012,8864
083,8864
134,8864
083,8869
083,8871
155,8876
083,8877
083,8881
083,8886
083,8887
156,8887
083,8889
126,8889
126,8890
083,8891
083,8892
083,8893
083,8894
083,8897
083,8898
083,8903
083,8904
083,8905
101,8905
083,8908
083,8909
124,8909
082,8912
083,8912
083,8914
131,8914
083,8917
083,8918
152,8918
083,8919
083,8920
151,8920
156,8920
082,8922
083,8922
083,8923
126,8923
083,8925
083,8927
083,8928
152,8928
154,8928
155,8928
156,8928
083,8929
155,8929
083,8931
082,8934
083,8934
083,8935
083,8938
083,8940
083,8944
126,8944
083,8945
155,8945
083,8946
127,8951
127,8952
127,8953
127,8954
127,8955
127,8956
127,8957
127,8958
127,8960
127,8961
127,8963
127,8964
127,8966
127,8967
127,8968
127,8972
127,8975
127,8976
127,8977
127,8979
127,8984
127,8985
127,8986
127,8987
083,8995
083,8996
083,8999
101,9001
132,9001
156,9001
083,9003
101,9003
132,9003
082,9005
083,9005
101,9005
132,9005
141,9005
151,9005
156,9005
083,9006
101,9006
132,9006
156,9006
083,9007
101,9007
132,9007
101,9008
132,9008
156,9008
101,9009
132,9009
132,9010
151,9010
156,9010
132,9012
151,9012
083,9014
132,9014
083,9017
132,9017
156,9017
101,9020
132,9020
101,9021
132,9021
101,9022
132,9022
081,9024
083,9024
132,9024
151,9024
156,9024
131,9025
132,9025
133,9025
134,9025
131,9027
132,9028
132,9029
101,9031
132,9031
134,9031
101,9033
132,9033
132,9034
083,9035
132,9035
011,9036
132,9036
131,9037
132,9037
132,9039
132,9040
101,9041
132,9041
156,9041
083,9042
132,9042
151,9042
156,9042
083,9044
101,9044
132,9044
156,9044
083,9045
101,9045
132,9045
156,9045
101,9046
132,9046
083,9048
101,9048
132,9048
156,9048
083,9049
132,9049
106,9051
131,9051
132,9051
101,9052
132,9052
092,9055
131,9055
132,9055
131,9057
132,9057
131,9058
132,9058
131,9059
132,9059
131,9060
132,9060
092,9062
131,9062
132,9062
133,9062
134,9062
156,9062
132,9063
125,9064
131,9064
132,9064
134,9064
146,9064
081,9065
131,9065
132,9065
133,9065
131,9066
133,9066
134,9066
156,9066
132,9067
131,9068
132,9068
133,9068
131,9069
132,9069
131,9070
132,9070
133,9070
131,9072
132,9072
092,9073
132,9073
133,9073
131,9074
132,9074
132,9075
133,9075
106,9076
131,9076
132,9076
134,9076
131,9077
132,9077
132,9078
106,9081
132,9081
132,9082
103,9083
132,9083
081,9085
132,9085
151,9085
131,9086
132,9086
134,9086
131,9087
132,9087
133,9087
131,9090
132,9090
131,9099
132,9099
131,9101
133,9101
134,9101
133,9104
133,9107
133,9110
133,9115
156,9115
133,9119
133,9127
133,9130
083,9142
101,9142
103,9142
132,9142
133,9142
083,9143
131,9143
132,9143
134,9143
133,9171
111,9173
133,9173
132,9176
133,9176
133,9179
133,9193
134,9201
134,9202
156,9202
134,9206
081,9232
081,9233
083,9233
095,9260
082,9261
083,9261
093,9261
112,9262
102,9263
107,9263
145,9263
031,9264
034,9264
043,9264
093,9264
033,9265
094,9265
111,9266
152,9266
101,9267
103,9267
107,9267
145,9267
106,9268
125,9268
126,9268
134,9268
152,9268
096,9270
103,9270
102,9271
107,9271
145,9271
107,9272
143,9272
145,9272
155,9272
071,9273
094,9273
092,9274
102,9275
111,9276
103,9278
107,9278
145,9278
111,9279
127,9281
127,9282
127,9283
127,9284
127,9285
127,9286
127,9287
131,9301
132,9301
133,9301
134,9301
083,9302
131,9302
132,9302
133,9302
131,9303
132,9303
133,9303
134,9303
131,9304
132,9304
133,9304
095,9305
131,9305
133,9305
131,9306
134,9306
131,9307
132,9307
083,9308
131,9308
133,9308
131,9310
132,9310
133,9310
131,9311
133,9311
134,9311
155,9311
131,9312
132,9312
133,9312
134,9312
131,9313
126,9318
131,9319
132,9319
134,9319
131,9322
133,9322
134,9322
131,9324
132,9324
134,9324
131,9325
132,9325
131,9326
131,9351
133,9351
131,9353
133,9353
093,9355
133,9355
156,9355
131,9357
132,9357
133,9357
081,9358
131,9358
132,9358
133,9358
133,9359
131,9360
146,9360
132,9361
133,9361
133,9362
133,9363
131,9364
132,9364
133,9364
134,9364
133,9365
134,9365
131,9366
132,9366
133,9367
125,9368
131,9368
131,9369
132,9369
134,9375
156,9376
012,9377
134,9377
133,9380
133,9381
133,9384
027,9385
155,9385
134,9386
083,9388
132,9388
155,9399
141,9401
144,9401
141,9402
141,9404
144,9404
141,9405
141,9407
141,9408
146,9408
141,9409
144,9409
141,9412
141,9413
144,9413
141,9414
093,9416
105,9416
142,9416
103,9417
105,9417
146,9417
012,9418
105,9418
142,9418
144,9418
142,9419
105,9421
144,9421
105,9422
083,9423
142,9424
105,9425
105,9428
154,9428
155,9428
142,9432
146,9432
142,9433
144,9433
146,9433
093,9434
142,9434
093,9435
105,9435
142,9436
142,9437
144,9437
144,9438
152,9439
105,9441
105,9444
142,9445
155,9445
105,9446
123,9446
152,9446
126,9449
142,9449
143,9449
146,9449
142,9450
126,9465
141,9465
143,9465
155,9465
143,9466
144,9466
155,9466
141,9467
144,9467
103,9468
141,9468
143,9468
144,9468
145,9468
141,9470
144,9470
152,9470
153,9470
141,9471
153,9471
141,9474
145,9474
141,9475
145,9475
141,9476
141,9478
144,9478
146,9478
151,9478
153,9478
154,9478
155,9478
141,9479
145,9479
012,9501
012,9502
012,9503
012,9504
012,9505
012,9506
012,9507
012,9508
012,9509
012,9511
012,9513
012,9514
012,9517
081,9517
012,9519
012,9531
012,9532
012,9533
012,9534
012,9535
012,9536
012,9537
012,9539
012,9543
031,9551
081,9551
155,9551
146,9600
144,9601
151,9601
144,9602
151,9602
132,9603
151,9603
156,9603
144,9605
151,9605
153,9610
155,9610
083,9612
146,9613
083,9616
112,9616
156,9616
125,9619
152,9619
083,9621
155,9621
083,9622
083,9624
143,9625
101,9627
103,9627
152,9628
146,9629
083,9631
151,9631
081,9632
151,9632
083,9633
144,9633
151,9633
156,9633
083,9635
151,9635
153,9635
083,9636
151,9636
083,9637
151,9637
031,9639
125,9639
146,9640
155,9640
125,9641
151,9643
155,9644
083,9647
146,9647
146,9651
151,9656
156,9656
146,9658
155,9658
083,9661
111,9661
125,9663
083,9664
151,9664
152,9664
151,9671
131,9672
151,9672
093,9675
151,9675
156,9675
093,9678
125,9678
051,9679
083,9679
123,9679
151,9679
151,9681
156,9681
146,9682
144,9684
151,9684
155,9684
146,9685
082,9686
083,9686
152,9686
146,9687
146,9691
155,9691
146,9692
156,9695
153,9696
033,9697
144,9697
151,9697
146,9698
155,9698
125,9699
111,9701
152,9701
146,9702
083,9704
152,9704
156,9704
134,9706
071,9707
152,9707
156,9708
093,9709
146,9709
156,9713
143,9715
155,9715
083,9716
146,9717
146,9719
156,9720
152,9722
156,9722
156,9723
156,9726
082,9728
083,9728
152,9728
103,9729
125,9729
152,9729
125,9731
152,9731
153,9733
111,9734
033,9735
082,9735
083,9735
152,9735
146,9739
152,9740
146,9742
083,9743
154,9744
155,9744
146,9746
155,9746
033,9749
146,9749
146,9753
032,9755
033,9755
081,9755
155,9757
146,9758
146,9759
153,9760
125,9761
125,9763
081,9765
083,9765
033,9766
144,9766
151,9766
082,9767
125,9767
081,9768
083,9768
153,9769
071,9776
094,9776
103,9776
153,9778
082,9780
083,9780
143,9782
155,9782
141,9783
152,9783
153,9783
082,9787
083,9787
152,9787
083,9788
107,9788
125,9788
146,9790
082,9791
083,9791
152,9791
156,9791
072,9792
152,9792
155,9792
155,9793
153,9795
081,9797
083,9797
146,9799
093,9810
083,9812
093,9812
103,9812
051,9816
083,9816
146,9816
156,9816
012,9818
072,9818
082,9820
083,9820
101,9823
093,9824
093,9827
096,9827
111,9828
101,9829
093,9830
105,9831
103,9832
152,9832
103,9835
096,9837
103,9842
103,9843
023,9845
101,9846
092,9849
111,9850
096,9852
111,9853
102,9854
106,9856
093,9857
111,9861
093,9867
095,9869
093,9872
111,9873
112,9873
102,9876
102,9878
105,9878
093,9880
103,9882
152,9882
107,9885
111,9887
026,9888
093,9888
093,9889
146,9889
101,9890
103,9890
031,9895
032,9895
093,9895
152,9895
082,9896
093,9896
111,9900
093,9902
103,9903
102,9904
082,9906
093,9906
093,9908
093,9909
093,9913
093,9914
101,9919
103,9927
146,9928
092,9929
032,9930
033,9930
093,9932
093,9934
111,9936
095,9941
111,9942
111,9945
112,9945
101,9946
101,9948
095,9950
111,9950
023,9955
051,9955
095,9955
101,9956
103,9956
151,9956
052,9959
101,9959
031,9960
033,9960
081,9960
093,9960
026,9962
032,9962
036,9962
081,9964
093,9964
103,9966
092,9967
112,9969
027,9972
093,9972
111,9973
101,9974
103,9976
101,9977
103,9978
095,9979
111,9979
051,9980
061,9980
062,9980
071,9980
061,9982
092,9982
061,9983
102,9983
107,9983
145,9983
033,9984
124,9984
142,9984
145,9984
146,9984
093,9986
033,9987
094,9987
155,9987
101,9989
103,9989
102,9990
093,9991
125,9991
101,9993
103,9993
095,9994
101,9994
093,9995
095,9996
107,9997