StockID,CategoryID
1301,51
1301,95
1301,131
1332,51
1332,95
1332,131
1333,51
1333,95
1352,95
1352,131
1375,51
1376,51
1376,71
1376,81
1376,92
1377,51
1377,71
1379,51
1380,51
1381,51
1382,51
1382,71
1383,51
1383,71
1383,95
1384,51
1384,95
1400,82
1400,83
1401,83
1407,12
1407,81
1413,83
1414,81
1417,81
1418,83
1418,105
1418,154
1418,155
1419,83
1420,83
1420,152
1429,82
1429,83
1430,81
1430,83
1431,83
1432,81
1432,93
1433,81
1434,81
1435,83
1436,81
1436,83
1438,81
1439,83
1440,83
1443,81
1443,93
1443,125
1444,83
1445,81
1445,82
1445,93
1446,83
1447,81
1447,83
1447,146
1447,154
1447,155
1448,31
1448,81
1448,125
1449,83
1450,81
1451,83
1452,81
1491,26
1491,93
1491,96
1514,11
1515,11
1518,11
1518,93
1605,11
1662,11
1663,11
1663,12
1663,23
1711,12
1711,81
1712,81
1712,155
1716,81
1717,83
1717,155
1718,81
1718,83
1719,81
1720,81
1721,81
1723,81
1724,81
1726,81
1728,83
1730,81
1734,81
1734,93
1736,81
1736,93
1737,81
1738,81
1738,82
1738,83
1738,152
1739,83
1743,81
1757,81
1757,83
1758,81
1762,81
1764,81
1764,83
1764,152
1766,81
1766,83
1768,81
1770,81
1771,23
1771,81
1773,83
1775,81
1776,81
1777,81
1780,81
1782,81
1783,81
1783,151
1787,81
1788,81
1789,81
1793,81
1795,83
1798,81
1799,81
1801,81
1801,83
1802,81
1803,81
1805,81
1807,81
1808,81
1808,83
1810,81
1811,81
1812,81
1813,81
1814,81
1815,81
1820,81
1821,81
1822,81
1824,81
1826,81
1827,81
1828,81
1832,81
1833,81
1835,81
1840,83
1841,81
1841,83
1844,81
1847,81
1848,81
1850,81
1852,81
1853,81
1853,82
1860,81
1861,81
1866,81
1867,81
1869,81
1870,81
1871,81
1873,83
1878,83
1879,81
1879,83
1881,81
1881,82
1882,81
1882,82
1883,81
1883,82
1884,81
1884,82
1885,81
1887,81
1888,81
1890,81
1892,81
1893,81
1897,81
1898,81
1898,82
1899,81
1904,81
1905,81
1905,93
1905,125
1909,34
1909,82
1909,83
1911,82
1911,83
1914,81
1921,81
1925,83
1925,131
1926,81
1928,83
1929,81
1930,81
1934,81
1934,125
1938,81
1939,81
1941,81
1942,81
1944,81
1945,81
1946,81
1948,81
1949,81
1950,81
1951,81
1952,81
1954,31
1954,83
1959,81
1960,81
1961,12
1961,81
1963,23
1963,81
1964,81
1965,81
1966,81
1967,81
1968,81
1969,81
1971,93
1971,125
1972,82
1972,83
1972,93
1973,81
1973,146
1975,81
1976,31
1976,81
1979,32
1979,81
1980,81
1981,81
1982,81
1992,81
1992,146
1994,83
1997,81
1999,81
1999,82
1999,95
2001,51
2002,23
2002,51
2002,62
2002,95
2003,51
2004,23
2004,51
2009,23
2009,51
2053,23
2053,51
2053,62
2055,23
2055,51
2058,23
2058,51
2060,23
2060,51
2107,51
2108,23
2108,51
2109,51
2112,51
2114,51
2117,51
2120,145
2121,144
2121,145
2122,143
2122,145
2124,145
2124,154
2127,155
2130,143
2130,146
2134,126
2136,155
2137,152
2138,144
2139,141
2139,143
2146,154
2146,155
2148,145
2150,155
2151,155
2152,152
2153,83
2154,154
2154,155
2156,141
2156,143
2157,151
2158,146
2159,143
2160,71
2162,154
2162,155
2163,154
2163,155
2164,141
2168,154
2168,155
2169,155
2170,155
2172,143
2172,144
2172,152
2173,143
2174,126
2174,155
2175,154
2175,155
2176,71
2178,155
2179,153
2180,143
2180,144
2180,155
2181,154
2181,155
2183,71
2185,155
2186,146
2191,71
2193,107
2193,143
2193,145
2195,155
2196,111
2196,152
2196,156
2198,152
2201,51
2204,51
2206,51
2207,51
2208,51
2209,51
2211,51
2211,111
2212,51
2212,101
2215,51
2216,51
2217,51
2218,51
2220,51
2221,51
2222,51
2224,51
2226,51
2229,51
2230,51
2264,23
2264,51
2266,51
2267,51
2267,52
2267,71
2268,51
2269,51
2269,71
2270,23
2270,51
2270,52
2281,51
2282,51
2286,23
2286,51
2288,51
2291,51
2292,51
2293,51
2294,51
2294,111
2296,51
2300,152
2301,154
2303,146
2304,112
2305,152
2307,146
2307,154
2307,155
2309,71
2311,12
2311,83
2315,146
2317,146
2321,146
2323,144
2325,83
2326,146
2327,146
2329,141
2329,143
2329,144
2330,144
2331,33
2331,82
2331,83
2331,152
2332,146
2334,143
2334,145
2334,154
2335,146
2336,93
2336,146
2336,154
2336,155
2337,126
2338,126
2338,146
2340,151
2341,141
2341,145
2341,154
2342,71
2344,152
2345,146
2345,153
2345,154
2345,155
2349,146
2351,146
2352,146
2353,83
2353,151
2354,146
2359,146
2362,83
2362,154
2362,155
2370,71
2370,155
2371,107
2371,145
2372,71
2372,154
2372,155
2373,152
2374,83
2374,152
2375,154
2375,155
2376,141
2376,145
2378,151
2379,145
2379,154
2384,131
2385,51
2385,62
2385,71
2388,63
2388,125
2388,141
2388,144
2389,143
2391,146
2393,72
2393,152
2395,71
2397,71
2398,152
2402,143
2402,144
2402,155
2404,111
2404,151
2406,152
2408,141
2410,145
2410,154
2410,155
2411,143
2411,155
2412,155
2413,71
2413,145
2413,155
2415,152
2415,153
2415,154
2415,155
2418,152
2418,156
2424,152
2425,72
2425,152
2427,154
2427,155
2428,124
2429,71
2429,83
2429,93
2429,105
2429,146
2429,154
2429,155
2432,107
2432,144
2432,145
2433,143
2435,152
2436,155
2437,103
2438,152
2440,145
2445,125
2449,155
2452,93
2452,146
2453,152
2453,155
2454,145
2459,143
2461,143
2462,152
2462,154
2462,155
2464,153
2464,155
2467,155
2468,146
2469,93
2469,143
2471,154
2471,155
2475,154
2475,155
2477,145
2479,154
2479,155
2480,106
2480,145
2481,141
2483,153
2483,155
2484,107
2484,145
2485,152
2487,155
2488,146
2489,143
2489,144
2491,143
2492,145
2492,146
2493,146
2497,126
2497,143
2497,144
2498,81
2498,83
2499,92
2499,151
2501,52
2501,111
2502,51
2502,52
2502,71
2503,51
2503,52
2503,71
2531,51
2531,52
2531,71
2533,52
2533,71
2540,51
2540,71
2540,95
2551,51
2573,52
2579,52
2586,51
2586,52
2586,95
2586,107
2586,111
2587,51
2587,52
2587,71
2588,107
2590,52
2593,52
2594,52
2594,111
2597,22
2597,52
2599,52
2602,51
2602,71
2607,51
2612,51
2613,23
2613,51
2613,71
2651,101
2652,103
2653,101
2654,95
2654,111
2654,112
2654,152
2656,107
2656,143
2656,144
2656,145
2659,101
2664,101
2664,103
2666,103
2666,152
2667,146
2668,61
2669,51
2669,112
2670,102
2673,83
2673,107
2673,152
2674,103
2675,111
2676,93
2678,107
2678,145
2681,103
2681,151
2683,111
2685,102
2686,102
2687,101
2689,94
2692,95
2693,93
2694,111
2695,111
2698,103
2700,95
2702,111
2705,111
2706,63
2706,144
2708,51
2708,95
2714,92
2715,93
2721,83
2721,146
2721,151
2722,107
2726,61
2726,102
2726,103
2729,44
2729,112
2729,134
2730,105
2733,96
2734,81
2734,93
2734,106
2734,152
2735,103
2736,102
2737,93
2742,101
2743,33
2743,93
2743,146
2747,101
2749,112
2749,152
2750,95
2751,83
2752,111
2753,111
2754,106
2760,93
2761,93
2762,111
2763,93
2763,146
2764,111
2764,152
2767,33
2767,144
2768,91
2769,103
2773,32
2773,93
2776,61
2776,155
2777,96
2777,103
2778,102
2780,103
2782,103
2784,94
2788,106
2789,111
2790,103
2791,101
2791,103
2792,61
2792,102
2795,33
2795,34
2795,93
2796,103
2798,111
2798,152
2801,51
2801,52
2802,51
2802,52
2802,71
2804,51
2805,51
2806,51
2809,51
2809,62
2809,71
2810,51
2810,52
2811,51
2811,52
2812,51
2812,71
2813,51
2814,51
2815,51
2816,51
2818,51
2818,111
2819,51
2820,51
2830,51
2831,51
2871,51
2871,131
2872,51
2874,51
2874,131
2875,51
2875,131
2876,112
2877,51
2882,95
2882,111
2883,95
2884,51
2884,52
2884,95
2892,23
2892,51
2892,71
2894,51
2897,51
2899,51
2901,51
2901,52
2902,51
2902,71
2903,51
2904,51
2905,51
2907,51
2908,51
2910,51
2910,112
2911,51
2914,51
2914,52
2914,71
2915,51
2916,51
2917,51
2918,51
2919,51
2922,51
2923,51
2924,51
2925,51
2926,51
2927,51
2927,71
2927,107
2928,107
2928,151
2929,51
2929,71
2930,51
2930,71
2930,107
2930,145
2931,51
2931,62
2931,71
2932,51
2970,83
2971,127
2972,127
2974,83
2975,83
2975,126
2976,83
2977,83
2978,83
2978,145
2979,127
2980,83
2980,145
2980,146
2981,83
2982,83
2982,126
2985,83
2986,83
2987,83
3001,32
3001,41
3001,61
3001,71
3001,101
3002,23
3002,61
3002,151
3003,83
3003,126
3004,51
3004,92
3004,93
3004,95
3010,83
3010,156
3011,106
3020,105
3021,103
3023,93
3024,93
3028,103
3028,151
3030,111
3031,124
3031,145
3032,103
3034,103
3035,93
3036,93
3038,95
3038,101
3039,111
3040,146
3041,96
3041,152
3042,146
3045,61
3046,102
3047,106
3047,125
3048,105
3048,107
3048,145
3050,103
3053,111
3054,93
3054,96
3055,94
3055,103
3057,111
3058,103
3059,102
3059,103
3059,107
3063,111
3064,93
3064,145
3065,111
3066,111
3067,111
3068,111
3069,111
3070,96
3071,107
3071,145
3073,111
3075,111
3076,34
3076,83
3077,111
3079,94
3080,103
3082,111
3083,102
3085,111
3086,101
3087,111
3088,101
3088,103
3089,93
3091,111
3092,107
3092,145
3093,103
3094,101
3094,103
3096,101
3096,112
3097,111
3098,101
3098,103
3099,101
3101,21
3101,23
3101,71
3103,21
3103,23
3104,21
3104,23
3104,25
3104,61
3105,21
3105,22
3105,23
3105,25
3105,32
3105,34
3105,42
3106,21
3106,82
3107,21
3107,93
3109,21
3110,21
3110,82
3111,21
3113,126
3113,155
3116,42
3121,126
3121,156
3123,21
3123,61
3125,21
3131,93
3132,93
3133,95
3133,111
3134,96
3134,107
3134,145
3134,146
3135,107
3135,143
3135,145
3136,12
3136,103
3137,107
3137,112
3137,155
3138,96
3138,107
3138,141
3138,144
3138,145
3139,95
3140,62
3141,101
3141,103
3143,51
3143,95
3148,101
3148,103
3150,12
3151,94
3153,93
3153,146
3154,94
3156,93
3157,93
3159,103
3159,155
3160,95
3160,112
3161,61
3161,82
3161,92
3166,93
3167,12
3167,141
3167,142
3168,26
3169,62
3169,103
3172,107
3173,93
3174,102
3175,51
3175,111
3176,92
3176,93
3177,103
3177,111
3178,111
3179,103
3179,107
3179,145
3180,83
3180,94
3180,145
3181,103
3182,107
3182,145
3183,94
3184,106
3184,155
3185,92
3185,96
3185,107
3185,145
3186,106
3187,93
3187,107
3189,92
3189,102
3189,107
3189,145
3190,103
3190,152
3191,103
3192,107
3192,145
3193,111
3194,101
3194,103
3195,107
3195,145
3196,111
3196,112
3197,111
3198,111
3199,81
3199,92
3199,96
3199,103
3201,21
3202,21
3202,61
3204,21
3205,21
3205,61
3221,111
3222,101
3223,111
3223,143
3224,95
3224,111
3226,127
3227,127
3228,83
3231,83
3232,132
3234,127
3236,83
3237,82
3237,83
3237,126
3238,83
3241,83
3242,83
3244,83
3245,83
3246,83
3248,83
3249,127
3252,126
3254,83
3260,83
3261,83
3264,83
3266,126
3267,83
3269,127
3271,83
3275,83
3276,83
3277,83
3278,127
3279,127
3280,83
3281,127
3282,127
3283,127
3284,83
3286,83
3287,127
3288,83
3288,124
3289,82
3289,83
3289,103
3289,151
3290,127
3291,83
3292,127
3293,83
3293,156
3294,83
3295,127
3296,127
3297,83
3298,127
3299,83
3300,83
3302,21
3302,34
3302,41
3306,27
3306,42
3306,51
3309,127
3315,11
3316,146
3317,111
3319,103
3319,107
3319,145
3320,61
3321,93
3322,96
3322,105
3323,93
3326,103
3326,151
3328,107
3328,145
3329,111
3333,44
3333,103
3341,103
3344,103
3346,95
3346,101
3346,103
3347,106
3347,125
3349,101
3349,103
3350,156
3352,103
3352,152
3353,103
3355,24
3355,92
3355,93
3356,93
3358,111
3359,92
3360,94
3360,103
3360,152
3360,155
3361,12
3361,52
3370,111
3371,93
3371,146
3372,111
3372,112
3374,93
3375,105
3376,61
3376,102
3377,106
3382,101
3382,102
3382,103
3382,107
3382,111
3382,121
3382,124
3382,145
3384,106
3386,94
3387,111
3388,93
3390,105
3390,146
3391,101
3391,103
3392,51
3393,93
3393,146
3395,111
3396,107
3397,111
3399,111
3401,21
3401,23
3401,71
3402,21
3402,23
3402,31
3402,32
3402,33
3402,36
3402,71
3402,81
3402,82
3405,21
3405,23
3407,21
3407,23
3407,24
3407,32
3407,33
3407,36
3407,71
3407,82
3407,83
3408,21
3409,21
3415,102
3416,145
3417,94
3418,101
3418,111
3419,96
3420,81
3420,93
3421,62
3421,125
3422,32
3423,82
3423,83
3426,62
3431,81
3433,26
3434,34
3434,42
3435,26
3436,36
3437,81
3437,155
3439,26
3440,24
3440,26
3440,82
3441,26
3442,26
3443,81
3444,32
3444,155
3445,36
3446,33
3447,82
3448,26
3449,26
3449,72
3449,81
3451,127
3452,82
3452,83
3453,127
3454,126
3455,127
3456,83
3456,143
3457,83
3458,82
3458,83
3458,126
3459,127
3461,83
3461,146
3462,127
3463,127
3464,83
3465,83
3466,127
3467,83
3468,127
3469,83
3470,127
3471,127
3472,127
3474,83
3474,111
3475,83
3476,127
3477,83
3478,127
3479,83
3480,83
3480,152
3481,127
3482,126
3483,83
3484,83
3486,83
3487,127
3488,127
3489,83
3490,83
3491,83
3492,127
3493,127
3494,83
3494,126
3495,83
3496,83
3496,145
3497,83
3498,12
3498,83
3498,101
3501,42
3501,62
3504,62
3504,96
3504,107
3512,21
3513,21
3515,21
3521,62
3521,83
3521,151
3524,32
3526,42
3528,81
3528,83
3529,61
3536,95
3536,103
3537,92
3537,96
3538,106
3539,101
3540,94
3541,95
3542,107
3542,145
3543,111
3544,101
3544,103
3546,103
3547,111
3548,102
3549,101
3549,103
3550,102
3550,107
3550,145
3551,21
3551,22
3551,27
3551,42
3551,62
3551,82
3553,23
3553,42
3553,82
3556,103
3556,107
3556,145
3557,111
3558,107
3558,145
3559,145
3560,96
3560,107
3560,145
3561,51
3561,111
3562,93
3562,146
3563,111
3565,93
3565,146
3566,61
3566,107
3569,21
3569,23
3569,42
3569,61
3569,82
3571,21
3577,21
3578,21
3580,21
3583,62
3583,71
3591,61
3593,71
3597,61
3598,61
3600,21
3604,71
3604,72
3604,94
3607,152
3608,61
3611,61
3612,61
3622,143
3622,146
3623,124
3624,144
3625,146
3626,146
3627,144
3628,146
3630,124
3630,146
3632,144
3632,145
3633,146
3634,144
3635,33
3635,144
3635,151
3636,146
3636,155
3639,144
3640,146
3641,144
3645,145
3645,155
3646,145
3646,146
3647,81
3647,83
3648,146
3649,146
3652,36
3653,146
3655,146
3655,155
3656,144
3657,146
3658,144
3659,144
3660,103
3660,107
3660,145
3661,144
3662,144
3662,145
3663,146
3664,144
3664,145
3665,107
3665,145
3666,146
3667,144
3668,144
3670,105
3670,146
3671,146
3672,144
3673,146
3674,145
3675,144
3675,155
3676,33
3676,144
3676,145
3676,146
3677,146
3678,143
3678,144
3679,145
3679,154
3680,143
3680,146
3681,146
3682,146
3683,105
3683,146
3686,143
3686,144
3687,93
3687,146
3688,107
3688,143
3688,145
3689,144
3690,143
3690,146
3691,143
3692,146
3693,144
3693,146
3693,154
3693,155
3694,146
3695,155
3696,143
3696,144
3696,145
3696,154
3697,146
3698,146
3708,22
3710,145
3710,146
3712,146
3719,155
3723,144
3726,107
3727,141
3727,146
3733,146
3738,105
3738,124
3739,144
3739,146
3741,146
3744,146
3747,146
3747,154
3747,155
3750,96
3750,126
3750,141
3751,81
3751,83
3753,146
3758,144
3760,144
3762,93
3762,146
3763,146
3765,144
3766,146
3768,155
3769,124
3770,107
3770,144
3770,145
3771,146
3772,126
3772,141
3772,155
3773,146
3774,142
3774,146
3775,146
3776,146
3777,12
3777,146
3778,146
3779,107
3779,141
3779,153
3779,155
3782,146
3784,146
3787,146
3788,146
3791,141
3791,144
3791,155
3793,143
3793,144
3793,146
3796,146
3798,146
3799,146
3800,146
3802,155
3803,93
3803,146
3804,146
3807,143
3807,155
3808,145
3810,144
3814,146
3815,144
3816,146
3817,93
3817,146
3823,146
3824,146
3824,154
3824,155
3825,126
3825,146
3826,146
3830,142
3830,146
3834,142
3835,146
3836,146
3837,146
3839,146
3840,62
3840,107
3840,124
3840,141
3840,155
3840,156
3841,146
3842,146
3843,142
3843,143
3843,146
3844,146
3845,107
3845,144
3845,145
3847,146
3848,146
3849,146
3850,146
3851,144
3852,146
3853,146
3854,145
3854,146
3854,154
3856,93
3857,146
3858,146
3861,22
3861,23
3863,22
3864,21
3864,22
3864,23
3865,22
3877,22
3878,22
3878,23
3880,22
3891,23
3891,32
3891,36
3892,22
3895,21
3895,22
3896,21
3896,36
3896,42
3900,145
3901,145
3901,155
3902,146
3903,144
3904,144
3904,146
3905,143
3905,146
3905,155
3906,143
3906,146
3907,144
3907,146
3907,154
3907,155
3908,146
3909,143
3909,146
3910,146
3911,144
3912,144
3913,146
3914,146
3915,146
3916,93
3916,146
3917,143
3917,146
3918,146
3919,143
3919,146
3920,146
3921,146
3922,143
3922,155
3923,146
3923,154
3923,155
3924,146
3925,146
3926,145
3926,156
3927,146
3928,144
3929,125
3929,155
3930,143
3930,145
3930,146
3931,141
3931,143
3931,144
3931,145
3931,146
3932,144
3933,146
3933,153
3934,52
3934,105
3934,107
3934,142
3935,144
3936,145
3936,146
3936,154
3937,146
3938,124
3938,143
3938,144
3938,145
3939,146
3940,146
3941,22
3941,27
3943,22
3943,27
3944,22
3944,27
3945,22
3945,27
3946,22
3946,83
3947,22
3947,27
3948,62
3948,155
3950,22
3950,27
3951,22
3951,27
3951,155
3952,22
3953,22
3954,27
3955,62
3956,22
3960,33
3961,143
3962,146
3963,145
3963,154
3964,106
3964,145
3965,146
3966,143
3966,144
3966,145
3966,155
3967,146
3967,155
3968,146
3969,146
3970,143
3970,145
3970,146
3974,146
3974,152
3974,155
3975,143
3975,144
3975,152
3976,146
3977,143
3977,155
3978,155
3979,145
3979,146
3979,155
3981,144
3983,143
3983,146
3984,143
3984,146
3985,146
3986,146
3987,34
3987,146
3988,146
3989,143
3989,145
3990,144
3991,145
3991,154
3992,146
3993,146
3994,144
3994,145
3995,107
3995,144
3995,145
3996,146
3997,146
3998,153
3999,146
4004,23
4004,25
4004,26
4004,32
4004,34
4005,23
4005,24
4005,32
4005,36
4005,71
4008,23
4008,71
4011,146
4012,146
4013,33
4013,146
4014,145
4021,23
4021,71
4022,23
4022,32
4023,21
4023,23
4023,25
4023,27
4023,71
4025,23
4026,23
4026,82
4027,23
4028,23
4031,23
4041,23
4041,71
4042,23
4042,24
4043,23
4043,25
4043,36
4043,71
4043,82
4044,21
4044,23
4044,25
4045,23
4046,23
4046,24
4046,71
4046,82
4047,23
4047,32
4051,124
4052,146
4053,146
4053,154
4053,155
4054,146
4055,146
4056,146
4057,146
4058,146
4059,144
4059,145
4060,146
4061,23
4061,24
4061,25
4061,27
4061,36
4062,25
4062,36
4062,42
4062,81
4063,23
4063,36
4064,23
4064,36
4064,81
4064,82
4078,23
4078,71
4080,32
4082,23
4088,23
4088,71
4091,23
4091,71
4092,23
4092,32
4092,71
4093,23
4094,23
4095,23
4095,26
4095,32
4097,23
4098,23
4099,23
4099,82
4100,23
4100,32
4102,23
4107,11
4107,23
4109,23
4109,32
4112,23
4113,23
4113,71
4114,23
4114,42
4114,71
4115,23
4116,23
4118,23
4118,27
4118,32
4118,36
4118,51
4118,71
4119,23
4120,23
4120,71
4124,23
4151,23
4151,71
4182,23
4183,21
4183,23
4185,23
4185,24
4186,23
4186,32
4187,23
4188,12
4188,21
4188,23
4188,25
4188,32
4188,71
4189,23
4202,23
4202,32
4203,23
4203,27
4203,33
4203,36
4204,23
4204,82
4204,83
4205,23
4205,24
4205,32
4206,23
4206,36
4206,82
4208,23
4208,24
4208,25
4208,32
4208,71
4208,82
4208,93
4212,27
4212,82
4215,23
4215,82
4216,23
4216,82
4218,23
4218,62
4218,71
4220,23
4220,27
4221,23
4221,27
4221,82
4222,23
4222,32
4222,42
4222,82
4224,82
4228,23
4228,27
4228,42
4228,82
4229,23
4229,51
4231,23
4231,24
4234,23
4234,27
4235,23
4237,23
4237,32
4238,23
4238,27
4238,32
4240,32
4241,23
4241,71
4242,23
4242,32
4243,23
4243,32
4245,31
4245,93
4246,23
4246,42
4247,23
4247,25
4248,27
4249,42
4249,92
4250,42
4251,23
4251,27
4272,23
4272,71
4274,32
4275,23
4275,36
4275,155
4282,71
4284,146
4286,155
4287,146
4288,146
4290,155
4293,143
4295,124
4295,144
4298,141
4298,145
4299,146
4301,144
4304,146
4307,146
4307,155
4308,144
4308,146
4310,126
4310,155
4312,146
4316,144
4317,143
4317,144
4318,141
4318,145
4318,154
4318,155
4319,153
4319,155
4320,146
4321,126
4323,93
4323,146
4324,143
4326,146
4326,155
4327,153
4327,155
4331,152
4333,146
4334,143
4334,144
4335,146
4336,154
4336,155
4337,103
4337,141
4341,93
4341,105
4342,152
4343,151
4344,146
4345,125
4346,142
4346,151
4346,155
4347,105
4347,144
4348,144
4348,146
4349,93
4349,146
4350,103
4350,146
4351,126
4351,154
4351,155
4355,112
4355,152
4356,81
4356,146
4361,23
4361,71
4362,23
4362,71
4364,23
4364,71
4365,23
4366,23
4366,71
4366,155
4367,23
4367,71
4368,23
4368,51
4368,71
4369,23
4380,145
4381,146
4382,144
4382,146
4383,146
4384,145
4384,155
4385,107
4385,124
4385,145
4386,146
4387,143
4387,144
4387,145
4388,146
4389,146
4390,142
4390,152
4390,154
4391,93
4391,146
4392,32
4392,142
4392,146
4393,144
4394,146
4395,143
4395,146
4396,146
4397,146
4398,146
4399,83
4399,145
4399,152
4401,23
4401,51
4403,23
4403,51
4403,71
4404,23
4404,51
4406,23
4409,23
4410,23
4420,146
4421,146
4421,153
4421,155
4422,146
4423,142
4424,144
4425,146
4426,146
4427,146
4427,153
4428,146
4429,93
4429,146
4430,146
4431,93
4431,146
4433,107
4433,145
4433,154
4433,155
4434,146
4435,146
4436,144
4436,145
4437,83
4437,145
4437,146
4438,146
4439,93
4439,123
4439,142
4440,146
4440,155
4441,93
4441,146
4442,146
4443,145
4443,146
4444,146
4445,143
4445,145
4446,144
4446,146
4447,34
4447,146
4448,143
4448,146
4449,124
4449,143
4449,146
4450,146
4450,154
4450,155
4452,22
4452,23
4452,51
4452,52
4452,62
4461,23
4462,23
4462,32
4462,33
4462,92
4463,23
4463,62
4464,25
4464,42
4464,151
4464,152
4465,23
4465,62
4471,23
4475,146
4476,144
4476,146
4477,107
4477,124
4477,145
4477,146
4478,146
4479,145
4480,145
4480,146
4480,154
4481,146
4482,145
4482,155
4483,146
4483,155
4484,145
4484,154
4485,81
4485,146
4486,146
4487,143
4487,145
4488,146
4490,145
4490,154
4491,146
4492,146
4493,146
4495,146
4496,146
4497,145
4499,143
4502,51
4502,71
4503,71
4506,71
4507,71
4512,51
4512,71
4514,71
4516,51
4516,71
4517,51
4517,71
4519,71
4521,23
4521,71
4523,51
4523,71
4524,51
4524,71
4526,23
4526,51
4527,51
4527,62
4527,71
4528,71
4530,51
4530,71
4531,23
4531,51
4531,71
4534,62
4534,71
4536,71
4538,33
4538,71
4539,71
4540,71
4541,71
4543,33
4543,71
4544,71
4544,155
4547,71
4548,23
4548,71
4549,71
4550,51
4550,71
4551,71
4552,71
4553,71
4554,71
4555,71
4556,71
4557,71
4558,52
4558,94
4558,107
4559,51
4559,71
4563,71
4564,71
4565,71
4568,51
4568,71
4569,71
4570,71
4571,71
4572,71
4574,71
4575,71
4576,71
4577,23
4577,71
4578,51
4578,52
4578,71
4579,71
4581,51
4581,71
4582,71
4583,71
4584,71
4586,71
4587,71
4588,71
4591,71
4592,71
4593,71
4594,71
4595,71
4596,71
4597,71
4597,94
4598,71
4599,71
4611,23
4611,35
4612,23
4613,23
4615,23
4616,23
4617,23
4619,23
4619,42
4620,23
4621,23
4623,23
4623,62
4624,23
4625,23
4626,23
4626,36
4627,23
4628,23
4629,23
4631,23
4633,23
4633,93
4634,23
4635,23
4636,23
4640,146
4640,154
4640,155
4641,154
4641,155
4642,83
4644,144
4644,155
4645,153
4649,82
4649,83
4649,152
4650,151
4651,81
4651,82
4651,83
4651,93
4651,152
4651,155
4653,112
4657,81
4657,83
4658,81
4658,82
4658,83
4659,155
4661,151
4661,156
4662,146
4664,82
4664,83
4664,152
4664,154
4664,155
4665,111
4665,125
4665,152
4666,83
4666,125
4667,146
4668,153
4669,125
4671,71
4671,101
4671,103
4673,81
4674,146
4676,107
4676,141
4676,144
4678,153
4679,152
4680,151
4681,151
4681,156
4684,93
4684,146
4685,93
4685,146
4686,146
4687,146
4689,107
4689,124
4689,143
4689,144
4689,145
4690,131
4691,156
4694,71
4694,146
4696,152
4699,83
4699,93
4699,146
4704,146
4705,151
4705,153
4707,81
4707,83
4708,155
4709,146
4712,83
4712,151
4714,153
4716,146
4718,153
4719,146
4720,153
4722,146
4725,146
4726,146
4728,144
4732,106
4733,146
4734,146
4735,153
4736,146
4739,146
4743,146
4745,153
4746,93
4746,146
4748,83
4748,146
4748,155
4750,125
4751,143
4751,144
4751,145
4752,146
4754,152
4755,107
4755,121
4755,122
4755,124
4755,144
4755,145
4755,156
4760,143
4760,144
4761,146
4762,146
4763,143
4763,144
4763,154
4763,155
4764,146
4765,143
4765,155
4766,141
4766,145
4766,154
4766,155
4767,143
4768,93
4768,107
4768,145
4768,146
4768,155
4769,146
4770,146
4771,155
4772,107
4772,143
4772,144
4772,145
4776,146
4777,144
4777,146
4779,146
4779,153
4779,155
4781,82
4781,83
4783,146
4784,143
4792,83
4792,153
4792,155
4800,141
4800,144
4800,145
4800,146
4801,151
4809,83
4812,93
4812,146
4813,146
4814,146
4816,144
4819,124
4819,143
4819,145
4819,146
4820,146
4824,144
4824,146
4825,145
4826,146
4827,83
4827,146
4828,146
4829,144
4829,146
4832,146
4833,141
4834,154
4834,155
4837,112
4837,151
4837,155
4838,144
4839,141
4840,61
4840,83
4845,146
4845,155
4847,146
4848,154
4848,155
4849,145
4849,154
4875,71
4880,62
4880,71
4880,94
4880,155
4883,71
4901,23
4901,33
4901,34
4901,35
4901,36
4901,62
4901,71
4902,23
4902,32
4902,33
4902,34
4911,51
4911,62
4911,71
4912,23
4912,51
4912,62
4912,71
4914,23
4917,62
4918,62
4919,62
4920,62
4920,71
4921,51
4921,62
4921,71
4921,107
4922,62
4923,62
4925,51
4925,62
4925,71
4925,107
4926,62
4927,61
4927,62
4927,107
4928,51
4928,62
4928,71
4929,62
4930,51
4930,62
4930,71
4930,96
4931,107
4933,35
4933,62
4934,62
4951,23
4951,62
4952,23
4955,23
4956,23
4956,92
4957,23
4958,23
4958,51
4960,23
4962,23
4963,23
4966,23
4967,51
4967,62
4967,71
4967,72
4967,107
4968,23
4970,23
4970,32
4970,71
4971,23
4972,23
4972,31
4973,23
4974,33
4974,51
4974,71
4975,23
4976,23
4977,23
4977,51
4977,71
4978,71
4979,23
4980,23
4985,23
4985,62
4985,155
4987,23
4990,23
4992,23
4994,27
4994,32
4995,92
4996,23
4997,23
4998,23
4998,62
4999,23
5008,11
5009,93
5010,23
5011,81
5011,82
5013,23
5015,23
5017,11
5018,23
5019,11
5019,12
5019,23
5019,32
5020,11
5020,12
5020,23
5020,26
5020,93
5020,155
5021,11
5021,12
5021,23
5070,83
5071,83
5072,81
5072,125
5101,24
5101,42
5101,44
5103,24
5103,72
5103,96
5104,23
5104,24
5104,82
5105,24
5105,42
5105,82
5108,24
5108,42
5108,44
5108,63
5110,24
5110,42
5110,63
5121,24
5121,42
5121,63
5122,23
5122,24
5122,42
5122,72
5122,82
5142,23
5142,42
5142,61
5142,82
5161,42
5162,24
5162,72
5184,42
5185,24
5185,42
5186,24
5187,71
5189,24
5189,44
5191,24
5191,42
5192,24
5192,82
5194,24
5194,72
5195,23
5195,24
5195,36
5199,24
5199,71
5199,72
5201,23
5201,25
5201,36
5202,21
5202,25
5202,36
5204,22
5204,27
5204,62
5208,23
5208,36
5210,21
5210,23
5210,25
5210,27
5212,71
5214,21
5214,23
5214,25
5214,36
5216,25
5216,36
5217,23
5218,33
5218,36
5232,11
5232,25
5232,82
5233,11
5233,25
5233,82
5233,155
5237,82
5261,151
5261,156
5262,26
5262,81
5262,82
5268,26
5268,82
5269,81
5269,82
5271,81
5271,82
5273,82
5273,146
5277,82
5279,82
5280,25
5280,82
5280,83
5282,81
5282,82
5283,12
5283,25
5283,51
5283,52
5283,82
5283,93
5283,95
5283,141
5283,155
5284,82
5285,82
5287,81
5287,82
5288,81
5288,82
5290,36
5290,81
5290,82
5301,25
5302,25
5302,32
5304,25
5310,25
5331,25
5331,32
5331,36
5331,62
5332,25
5332,82
5333,25
5333,26
5334,25
5334,36
5334,42
5337,82
5341,82
5342,82
5343,25
5343,62
5343,82
5344,25
5344,36
5351,82
5352,25
5352,82
5355,82
5356,25
5356,31
5356,82
5357,82
5358,25
5358,82
5363,25
5363,82
5367,25
5367,32
5367,33
5367,82
5368,82
5380,82
5381,25
5384,25
5386,82
5387,82
5388,23
5388,82
5391,81
5391,82
5393,23
5393,42
5393,82
5395,25
5401,23
5401,25
5401,26
5401,44
5401,81
5401,146
5406,26
5406,31
5406,32
5408,26
5410,26
5411,26
5411,43
5411,81
5423,26
5440,26
5440,82
5440,155
5444,26
5444,43
5444,44
5444,155
5445,26
5446,26
5449,26
5449,44
5451,26
5451,82
5458,26
5461,26
5463,26
5464,26
5471,23
5471,26
5471,32
5471,42
5476,26
5476,32
5476,42
5480,26
5481,26
5482,26
5484,26
5484,32
5486,23
5486,26
5486,42
5491,26
5541,26
5542,26
5542,32
5563,23
5563,26
5563,32
5602,26
5602,32
5602,81
5602,82
5603,26
5607,32
5607,42
5607,62
5609,26
5610,26
5610,42
5610,82
5612,26
5612,81
5612,82
5614,26
5614,31
5614,81
5631,26
5631,31
5631,32
5632,26
5632,42
5644,32
5644,42
5658,26
5659,26
5660,26
5690,155
5695,23
5697,26
5698,155
5699,155
5702,26
5703,26
5703,82
5704,32
5704,155
5706,26
5706,32
5706,42
5707,26
5707,93
5711,23
5711,25
5711,26
5711,32
5711,36
5711,82
5713,26
5713,32
5713,81
5713,93
5714,23
5714,26
5714,32
5714,155
5715,23
5715,26
5715,31
5715,32
5721,26
5721,83
5721,153
5724,26
5726,26
5726,36
5727,23
5727,26
5729,23
5729,26
5741,26
5742,26
5753,26
5757,26
5781,26
5781,32
5781,36
5801,12
5801,23
5801,26
5801,32
5801,34
5801,36
5801,42
5801,83
5801,131
5802,23
5802,26
5802,31
5802,32
5802,34
5802,36
5802,42
5802,81
5803,26
5803,34
5803,36
5803,42
5803,83
5805,26
5805,36
5807,26
5807,36
5809,26
5816,26
5816,36
5817,26
5819,26
5819,36
5820,23
5820,26
5821,26
5821,71
5851,26
5851,32
5851,82
5852,26
5852,42
5852,82
5856,26
5856,52
5856,83
5856,101
5856,153
5857,26
5857,155
5858,26
5900,82
5901,27
5902,27
5902,155
5903,33
5905,27
5906,33
5906,34
5906,35
5907,27
5909,35
5909,82
5911,81
5912,81
5915,81
5918,81
5921,81
5922,31
5922,81
5923,81
5928,82
5929,82
5930,82
5930,83
5932,26
5932,82
5932,93
5933,34
5933,93
5933,125
5935,82
5936,82
5938,82
5938,103
5939,82
5940,82
5941,33
5942,23
5942,31
5942,32
5942,36
5943,82
5945,32
5946,35
5946,82
5947,33
5947,35
5947,82
5949,42
5950,26
5951,35
5952,26
5953,31
5953,33
5955,26
5956,62
5957,26
5957,32
5958,82
5959,26
5959,82
5959,156
5962,32
5964,32
5964,81
5965,33
5966,32
5967,32
5969,26
5969,32
5970,42
5971,26
5973,82
5974,26
5974,31
5975,32
5975,42
5976,26
5976,32
5979,93
5981,26
5982,33
5983,26
5983,33
5983,34
5983,81
5984,32
5985,26
5986,26
5986,42
5986,93
5987,26
5988,26
5989,42
5990,32
5991,26
5991,32
5991,42
5991,63
5992,26
5992,42
5993,26
5994,31
5994,42
5994,44
5997,33
5997,34
5997,35
5998,26
5999,26
6005,31
6005,33
6013,31
6016,43
6018,43
6022,43
6023,31
6023,43
6025,155
6026,143
6027,145
6028,154
6028,155
6029,94
6029,145
6029,155
6030,156
6031,143
6032,145
6032,154
6032,155
6033,144
6033,154
6033,155
6034,145
6034,154
6035,128
6035,155
6036,42
6036,103
6037,145
6038,141
6038,145
6038,146
6038,155
6039,155
6040,151
6042,42
6042,43
6044,82
6044,83
6045,143
6046,143
6046,145
6047,143
6047,144
6048,145
6049,145
6050,146
6054,145
6054,154
6055,81
6058,155
6059,151
6059,152
6060,152
6061,125
6062,152
6063,155
6064,152
6064,155
6066,155
6067,51
6067,146
6067,155
6069,143
6070,154
6070,155
6071,143
6071,145
6071,152
6072,81
6072,83
6073,83
6073,152
6074,151
6076,156
6077,152
6078,145
6078,155
6080,155
6081,143
6081,146
6082,112
6083,83
6085,83
6086,155
6087,146
6087,154
6087,155
6088,155
6089,154
6089,155
6090,71
6090,154
6090,155
6091,81
6091,83
6091,151
6091,155
6092,81
6092,83
6092,92
6092,93
6093,146
6093,155
6094,143
6095,145
6095,154
6096,153
6098,141
6098,145
6098,154
6098,155
6098,156
6099,152
6099,155
6101,32
6103,32
6104,31
6104,32
6111,26
6111,32
6112,32
6113,32
6118,32
6121,32
6125,32
6131,32
6134,32
6135,32
6136,32
6137,23
6137,32
6138,32
6140,32
6141,32
6141,33
6142,27
6142,32
6143,32
6144,31
6144,32
6145,32
6146,32
6147,32
6147,41
6149,32
6150,32
6151,26
6151,31
6151,32
6155,32
6156,32
6157,32
6158,32
6159,32
6161,32
6164,32
6165,32
6166,32
6167,32
6171,81
6171,83
6172,124
6172,143
6172,146
6173,152
6174,71
6174,94
6175,143
6175,145
6175,154
6176,141
6176,146
6177,105
6177,107
6177,143
6177,144
6177,145
6178,121
6178,123
6178,132
6180,143
6181,152
6182,146
6182,153
6182,155
6183,71
6183,146
6183,155
6184,141
6184,145
6185,143
6186,102
6186,152
6187,145
6187,152
6187,153
6187,154
6188,146
6188,154
6188,155
6189,152
6190,71
6191,146
6191,156
6192,83
6192,155
6193,146
6193,155
6194,145
6194,154
6195,143
6196,155
6197,152
6197,154
6197,155
6198,154
6198,155
6199,146
6200,153
6200,155
6201,31
6201,32
6201,41
6201,42
6201,132
6203,31
6203,32
6203,41
6203,82
6205,32
6208,32
6210,32
6217,32
6218,32
6218,41
6222,32
6231,33
6232,33
6233,32
6233,33
6233,81
6233,82
6233,93
6235,32
6236,31
6236,154
6236,155
6237,31
6238,33
6238,63
6238,144
6239,31
6239,32
6240,32
6245,32
6246,32
6247,26
6247,31
6247,32
6248,26
6248,31
6249,33
6250,31
6250,32
6254,31
6255,32
6257,33
6258,31
6258,32
6262,32
6264,32
6265,31
6266,32
6267,32
6268,31
6268,32
6268,42
6268,43
6268,44
6269,81
6271,31
6272,32
6273,31
6276,32
6277,32
6278,32
6279,32
6281,31
6281,41
6281,93
6281,125
6282,26
6284,32
6286,31
6286,32
6286,81
6286,93
6286,106
6287,32
6287,33
6287,34
6287,62
6289,32
6289,81
6291,33
6292,32
6293,32
6294,32
6295,31
6297,32
6297,81
6298,32
6299,31
6299,32
6299,155
6301,31
6301,32
6301,43
6301,44
6302,31
6302,32
6302,43
6303,31
6303,43
6305,31
6305,32
6305,41
6306,31
6306,81
6307,31
6307,32
6309,32
6309,92
6310,32
6312,32
6312,51
6315,32
6316,31
6316,32
6316,34
6317,31
6317,32
6317,42
6317,81
6319,31
6319,32
6319,42
6319,125
6322,31
6322,32
6322,33
6323,32
6324,31
6324,36
6325,26
6325,32
6326,26
6326,31
6326,32
6326,33
6327,31
6327,32
6327,36
6328,31
6328,32
6328,33
6328,93
6330,81
6331,31
6331,32
6331,81
6332,31
6332,32
6332,81
6333,31
6333,36
6334,32
6334,81
6335,32
6336,32
6336,36
6337,32
6338,32
6339,25
6339,31
6339,32
6340,32
6342,32
6343,32
6343,36
6343,83
6345,41
6346,32
6347,32
6349,32
6351,31
6355,31
6355,32
6355,44
6356,31
6356,42
6357,31
6357,32
6357,81
6357,155
6358,32
6358,41
6360,32
6361,31
6361,32
6361,33
6361,81
6362,26
6362,81
6362,83
6363,31
6364,31
6365,26
6365,31
6366,81
6367,23
6367,31
6367,33
6367,35
6368,23
6368,31
6369,26
6369,31
6369,81
6370,23
6370,31
6371,31
6371,42
6373,31
6373,41
6373,42
6376,31
6376,33
6378,26
6378,32
6378,81
6379,81
6380,31
6381,31
6381,32
6382,31
6382,32
6382,42
6383,31
6384,36
6387,32
6390,31
6390,32
6390,41
6391,31
6391,32
6392,31
6393,31
6395,31
6395,32
6395,41
6396,31
6400,23
6400,32
6402,41
6403,31
6405,32
6406,31
6407,31
6407,32
6408,31
6408,42
6409,31
6411,33
6412,33
6413,33
6413,34
6414,31
6414,33
6416,33
6416,34
6417,33
6418,33
6419,33
6420,33
6424,33
6425,33
6428,33
6430,33
6432,32
6433,26
6436,31
6436,33
6436,146
6439,26
6440,32
6444,33
6444,42
6445,32
6448,32
6448,33
6448,34
6448,151
6454,32
6454,33
6454,62
6454,82
6455,34
6455,41
6457,33
6458,33
6459,33
6460,33
6460,144
6460,151
6461,42
6462,32
6462,42
6462,43
6463,42
6464,26
6464,31
6465,33
6466,26
6467,32
6467,42
6469,32
6469,155
6470,26
6470,31
6470,32
6470,42
6471,26
6471,42
6472,26
6472,42
6472,44
6473,26
6473,32
6473,42
6474,26
6474,31
6474,32
6479,26
6479,35
6479,36
6480,26
6480,32
6481,26
6482,32
6484,82
6485,82
6486,26
6486,42
6488,26
6489,26
6489,31
6490,26
6492,26
6493,26
6493,42
6494,31
6495,26
6496,26
6497,26
6498,26
6501,23
6501,25
6501,26
6501,31
6501,32
6501,33
6501,34
6501,35
6501,36
6501,37
6501,42
6501,44
6501,125
6501,146
6502,31
6502,32
6502,33
6502,34
6502,35
6502,36
6502,37
6502,44
6502,146
6503,31
6503,32
6503,33
6503,34
6503,35
6503,36
6503,37
6503,42
6503,44
6503,134
6503,146
6504,31
6504,32
6504,33
6504,36
6504,44
6505,31
6505,32
6505,33
6505,34
6505,36
6505,44
6506,31
6506,32
6506,36
6506,146
6507,31
6507,32
6507,33
6507,41
6507,44
6508,31
6508,32
6508,33
6508,36
6508,81
6508,155
6513,23
6513,32
6513,36
6516,31
6516,36
6517,31
6517,32
6518,31
6518,36
6531,23
6531,155
6532,146
6532,155
6533,143
6535,143
6537,152
6538,145
6538,154
6539,154
6540,83
6541,146
6541,155
6542,83
6543,143
6543,144
6544,82
6544,83
6545,145
6545,152
6545,155
6546,82
6546,83
6547,156
6548,156
6549,143
6549,155
6550,143
6551,101
6551,145
6551,154
6551,155
6552,145
6553,143
6553,154
6553,155
6554,146
6554,154
6554,155
6555,155
6556,152
6556,154
6557,146
6557,152
6558,145
6558,154
6560,145
6560,146
6560,153
6560,155
6561,103
6561,132
6561,156
6562,143
6562,146
6563,154
6563,155
6564,155
6565,156
6566,155
6567,152
6567,153
6567,154
6567,155
6568,23
6568,71
6568,155
6569,154
6569,155
6570,96
6570,151
6571,152
6572,143
6572,146
6573,143
6574,152
6575,153
6575,154
6575,155
6576,152
6576,153
6577,145
6577,156
6578,145
6578,155
6579,143
6580,143
6580,146
6580,153
6580,155
6584,26
6584,42
6586,32
6588,33
6588,34
6590,32
6590,33
6592,36
6594,31
6594,32
6594,33
6594,36
6594,42
6596,32
6597,34
6597,146
6599,34
6599,36
6615,155
6616,36
6617,31
6617,32
6617,33
6617,81
6618,36
6619,32
6620,35
6620,83
6622,31
6622,32
6622,36
6623,31
6623,36
6623,81
6625,83
6625,124
6625,125
6626,36
6627,155
6628,34
6628,35
6629,33
6629,34
6629,155
6630,35
6630,107
6632,34
6632,35
6632,42
6632,144
6633,32
6633,146
6634,34
6634,156
6635,155
6637,31
6637,43
6638,32
6639,32
6639,33
6639,34
6640,32
6640,36
6640,42
6641,31
6641,32
6643,31
6644,31
6644,32
6644,33
6645,32
6645,33
6645,36
6645,42
6647,34
6647,43
6647,44
6648,31
6651,31
6652,34
6652,36
6653,31
6654,34
6654,36
6655,31
6655,33
6655,34
6655,36
6656,32
6658,36
6659,34
6662,36
6662,146
6663,36
6664,34
6666,36
6668,32
6668,33
6668,36
6670,34
6674,32
6674,36
6675,34
6676,34
6677,32
6677,36
6678,33
6678,71
6694,35
6695,155
6696,34
6696,146
6697,36
6698,32
6698,33
6699,36
6699,42
6701,32
6701,33
6701,34
6701,37
6701,134
6701,142
6701,146
6702,32
6702,33
6702,34
6702,36
6702,37
6702,42
6702,146
6703,33
6703,34
6703,146
6704,32
6704,33
6704,34
6704,36
6706,32
6706,34
6706,81
6707,36
6709,32
6709,33
6709,34
6709,134
6715,34
6718,34
6721,32
6722,33
6723,36
6724,32
6724,33
6724,34
6724,35
6724,36
6724,62
6727,34
6728,26
6728,31
6728,32
6730,36
6731,34
6731,35
6731,146
6734,34
6736,33
6736,34
6736,146
6737,34
6740,36
6741,31
6741,33
6741,34
6741,44
6742,33
6742,34
6742,36
6743,33
6743,34
6744,34
6744,82
6744,83
6745,34
6748,23
6748,32
6748,33
6748,34
6748,36
6750,34
6750,62
6752,23
6752,31
6752,32
6752,33
6752,34
6752,35
6752,36
6752,37
6752,42
6752,44
6752,82
6753,32
6753,33
6753,34
6753,35
6753,36
6753,37
6754,32
6754,33
6754,34
6755,33
6755,34
6755,35
6757,62
6758,34
6758,35
6758,36
6758,37
6758,63
6758,121
6758,123
6758,142
6758,144
6762,25
6762,32
6762,36
6763,36
6768,32
6768,34
6768,36
6769,36
6770,34
6770,36
6770,42
6770,131
6771,34
6772,36
6772,42
6775,33
6775,34
6776,23
6776,27
6776,42
6777,32
6777,33
6778,32
6778,33
6779,36
6785,32
6785,36
6786,143
6786,146
6786,152
6787,36
6788,62
6788,71
6789,32
6789,33
6789,34
6794,35
6797,32
6797,33
6797,34
6798,36
6800,34
6800,36
6800,42
6803,34
6803,35
6804,35
6804,36
6806,36
6807,36
6807,44
6807,134
6809,34
6810,23
6810,32
6810,34
6814,32
6814,34
6814,43
6815,34
6815,35
6817,36
6819,144
6819,151
6819,155
6820,34
6822,34
6822,81
6823,32
6823,33
6824,34
6824,36
6826,36
6832,36
6834,32
6834,36
6835,34
6836,34
6837,36
6838,34
6838,93
6839,33
6839,34
6839,35
6840,36
6841,32
6841,33
6841,146
6844,36
6844,42
6845,12
6845,32
6845,33
6845,36
6845,82
6845,83
6845,146
6846,32
6846,36
6848,32
6848,33
6848,34
6849,33
6850,32
6850,33
6850,36
6852,32
6852,33
6852,146
6853,32
6853,33
6855,32
6856,32
6856,33
6857,32
6858,32
6858,33
6859,32
6859,33
6861,32
6861,33
6861,34
6861,36
6862,32
6863,32
6863,33
6863,36
6864,32
6864,33
6864,36
6866,32
6866,33
6867,32
6867,33
6869,33
6869,71
6870,33
6870,34
6870,36
6871,32
6874,93
6874,146
6875,36
6877,25
6877,32
6879,34
6879,143
6879,144
6879,155
6881,21
6881,36
6882,36
6888,146
6890,32
6894,32
6894,33
6897,35
6898,23
6898,36
6899,36
6899,42
6901,31
6901,35
6901,42
6902,42
6904,34
6904,42
6905,36
6907,33
6907,36
6907,155
6908,36
6912,32
6912,33
6912,36
6914,34
6914,36
6915,21
6915,32
6916,34
6918,32
6918,33
6918,155
6919,36
6920,32
6920,33
6923,36
6923,42
6924,32
6925,32
6925,34
6926,32
6926,34
6926,36
6927,32
6927,154
6927,155
6928,36
6929,36
6930,34
6930,81
6932,32
6932,35
6932,96
6937,32
6937,36
6938,36
6941,23
6941,36
6942,146
6943,36
6944,146
6945,33
6945,34
6945,36
6946,32
6946,33
6946,34
6946,36
6947,146
6951,32
6951,33
6951,36
6952,33
6952,34
6952,35
6952,63
6954,31
6954,32
6955,32
6955,36
6957,36
6958,36
6960,33
6961,23
6961,33
6961,36
6962,36
6963,36
6964,23
6964,26
6964,42
6965,32
6965,33
6965,36
6966,26
6966,32
6966,36
6967,36
6969,36
6971,25
6971,32
6971,33
6971,34
6971,36
6971,42
6971,61
6971,71
6973,36
6973,93
6973,146
6976,34
6976,36
6977,36
6981,25
6981,32
6981,33
6981,34
6981,36
6982,32
6982,42
6986,32
6986,34
6986,63
6988,23
6988,36
6989,36
6993,32
6994,31
6994,36
6995,42
6996,31
6996,36
6997,36
6998,26
6998,32
6999,25
6999,36
7003,31
7003,43
7003,81
7004,31
7004,32
7004,33
7004,43
7004,81
7011,31
7011,32
7011,33
7011,34
7011,35
7011,42
7011,43
7011,44
7011,81
7011,134
7012,31
7012,32
7012,33
7012,34
7012,41
7012,43
7012,44
7012,81
7012,134
7013,26
7013,31
7013,32
7013,33
7013,34
7013,43
7013,44
7013,81
7013,82
7013,134
7014,43
7014,81
7018,43
7021,11
7021,43
7022,31
7022,43
7022,151
7030,151
7030,153
7033,146
7034,155
7035,144
7035,146
7036,143
7036,144
7037,152
7038,155
7039,155
7040,152
7040,156
7041,154
7041,155
7042,143
7042,155
7043,153
7043,155
7044,143
7044,155
7045,154
7045,155
7046,146
7046,155
7047,145
7047,154
7048,145
7048,156
7049,153
7049,155
7050,143
7056,83
7056,146
7057,83
7058,152
7059,154
7059,155
7060,143
7060,144
7060,145
7060,153
7060,154
7061,152
7062,152
7063,143
7063,144
7064,143
7064,145
7064,154
7065,125
7066,153
7066,154
7066,155
7067,143
7067,146
7068,143
7069,143
7069,145
7070,152
7071,152
7072,143
7073,153
7073,154
7073,155
7074,107
7074,151
7074,153
7075,152
7075,154
7075,155
7076,155
7077,145
7078,143
7078,144
7078,146
7079,71
7079,155
7080,143
7080,145
7080,154
7081,83
7081,96
7081,125
7082,143
7082,145
7083,111
7083,152
7083,154
7084,152
7085,151
7086,152
7087,93
7087,154
7087,155
7088,154
7088,155
7089,154
7089,155
7090,94
7090,123
7090,146
7090,155
7091,152
7093,143
7093,155
7094,143
7094,155
7095,143
7097,152
7098,154
7098,155
7102,31
7102,32
7102,44
7105,31
7122,44
7148,155
7150,121
7157,123
7161,121
7162,126
7164,124
7167,121
7169,123
7169,154
7169,155
7170,123
7172,125
7172,126
7173,121
7175,122
7176,126
7177,122
7177,126
7180,121
7181,123
7182,121
7183,124
7184,121
7184,125
7185,126
7186,121
7187,83
7187,124
7189,121
7189,124
7190,126
7191,124
7192,83
7192,123
7192,124
7196,124
7198,124
7199,124
7199,125
7201,31
7201,41
7201,125
7202,31
7202,41
7203,33
7203,41
7203,125
7205,41
7208,42
7211,41
7211,125
7212,42
7213,33
7213,34
7213,35
7213,36
7214,26
7214,42
7215,42
7217,42
7218,42
7219,42
7220,41
7220,42
7222,41
7224,31
7224,41
7224,44
7226,31
7226,41
7227,31
7227,32
7227,42
7228,42
7229,42
7230,41
7230,42
7231,24
7231,26
7231,42
7235,42
7236,42
7238,42
7238,44
7239,42
7240,24
7240,36
7240,42
7241,33
7241,34
7241,42
7242,31
7242,42
7242,44
7244,42
7245,26
7246,41
7246,42
7247,42
7247,44
7249,26
7250,26
7250,42
7251,42
7254,31
7254,42
7255,32
7255,41
7255,42
7256,42
7259,42
7261,41
7261,125
7264,32
7264,42
7265,42
7266,36
7266,42
7267,31
7267,32
7267,33
7267,41
7267,43
7267,125
7268,42
7269,41
7269,43
7269,125
7270,31
7270,32
7270,41
7270,44
7270,134
7271,32
7271,42
7272,31
7272,32
7272,33
7272,41
7272,43
7272,44
7273,42
7274,41
7274,42
7276,32
7276,33
7276,34
7276,42
7276,44
7277,42
7278,42
7279,32
7279,42
7279,43
7279,71
7280,36
7280,42
7282,36
7282,42
7283,42
7284,42
7287,34
7287,36
7287,42
7291,42
7292,42
7294,42
7296,31
7296,41
7296,42
7297,42
7298,41
7298,42
7299,42
7305,26
7305,44
7309,44
7309,63
7313,42
7314,33
7314,34
7315,26
7315,42
7317,32
7317,42
7320,83
7320,155
7321,121
7321,125
7322,121
7322,124
7322,125
7325,123
7325,146
7326,123
7327,121
7327,122
7327,124
7327,125
7337,121
7338,126
7339,123
7351,146
7351,154
7352,145
7352,146
7352,154
7352,155
7353,153
7353,155
7354,154
7354,155
7355,83
7355,154
7355,155
7356,145
7399,62
7408,44
7412,111
7412,151
7413,95
7414,93
7416,102
7417,82
7417,93
7417,125
7419,105
7420,93
7421,111
7422,96
7425,83
7425,93
7426,83
7426,93
7427,96
7433,93
7434,93
7435,32
7435,93
7438,93
7441,12
7441,52
7441,93
7441,103
7441,111
7441,152
7442,96
7443,95
7444,96
7444,131
7445,102
7446,92
7446,94
7447,61
7448,102
7450,103
7451,95
7453,103
7455,102
7456,26
7456,95
7456,155
7458,144
7458,151
7459,94
7459,96
7460,61
7460,92
7461,93
7461,103
7462,12
7462,103
7463,93
7463,96
7464,125
7466,93
7467,93
7472,31
7472,93
7475,95
7475,101
7476,93
7476,94
7477,93
7480,93
7481,95
7482,22
7482,92
7482,96
7483,96
7483,102
7485,93
7486,12
7486,51
7486,93
7487,21
7487,92
7487,96
7488,33
7490,12
7490,93
7490,111
7494,102
7500,93
7501,96
7501,103
7502,152
7504,27
7504,92
7505,93
7505,146
7506,62
7506,96
7508,95
7508,101
7508,103
7509,103
7509,152
7510,31
7510,33
7510,93
7512,101
7513,105
7514,103
7515,101
7516,103
7518,93
7518,146
7519,96
7519,103
7520,101
7521,22
7521,32
7521,33
7522,51
7522,111
7522,112
7522,152
7523,103
7523,151
7523,156
7524,111
7525,31
7525,32
7525,33
7525,93
7527,145
7527,146
7531,93
7532,103
7533,125
7537,32
7537,33
7537,44
7537,93
7538,95
7539,83
7544,101
7545,102
7550,111
7551,93
7552,96
7552,144
7554,111
7555,96
7559,51
7561,112
7562,111
7564,61
7564,102
7565,81
7565,93
7565,155
7567,93
7570,81
7570,82
7570,93
7571,102
7575,71
7575,94
7577,103
7578,152
7581,111
7585,111
7587,93
7590,82
7590,103
7593,106
7593,125
7594,93
7594,125
7595,146
7596,95
7596,111
7597,61
7599,106
7599,125
7600,33
7600,94
7601,101
7602,106
7603,102
7604,111
7605,103
7606,61
7606,102
7607,93
7608,96
7609,93
7610,103
7611,111
7613,93
7613,155
7614,101
7614,111
7614,112
7615,102
7616,111
7618,105
7618,142
7619,81
7619,93
7621,111
7623,12
7623,106
7624,93
7625,111
7628,26
7628,42
7630,111
7634,71
7634,152
7635,93
7636,103
7637,93
7638,61
7638,102
7640,103
7643,101
7646,103
7647,33
7647,83
7647,101
7647,103
7647,151
7649,101
7649,103
7670,92
7670,93
7671,107
7671,145
7672,106
7672,125
7672,132
7672,152
7673,93
7674,111
7675,95
7676,106
7677,93
7678,111
7679,101
7679,103
7680,106
7681,94
7681,112
7681,155
7682,111
7683,61
7683,102
7685,92
7685,96
7685,103
7685,107
7685,145
7686,95
7686,101
7687,95
7687,107
7688,103
7688,152
7689,96
7689,107
7689,145
7690,93
7690,106
7691,107
7691,143
7691,144
7691,145
7692,12
7692,31
7701,31
7701,32
7701,33
7701,44
7701,93
7701,134
7702,33
7702,71
7705,32
7705,33
7705,36
7707,33
7709,32
7711,32
7711,33
7713,33
7715,31
7715,32
7715,33
7715,36
7716,33
7716,71
7717,32
7717,33
7718,32
7718,33
7718,34
7718,36
7719,32
7719,33
7719,93
7721,31
7721,32
7721,34
7721,36
7721,43
7722,32
7722,33
7723,32
7723,33
7723,36
7725,31
7725,32
7725,33
7726,26
7726,32
7726,33
7727,32
7727,33
7727,36
7729,32
7729,33
7730,71
7731,32
7731,33
7731,35
7731,36
7732,32
7732,33
7733,32
7733,33
7733,35
7734,32
7734,33
7734,36
7735,32
7739,33
7739,34
7740,33
7741,32
7741,33
7741,36
7741,71
7741,72
7741,102
7743,72
7743,102
7744,51
7744,62
7744,71
7744,94
7744,107
7744,141
7744,155
7745,32
7745,33
7746,25
7746,33
7747,71
7748,32
7749,71
7751,32
7751,33
7751,34
7751,35
7751,36
7752,33
7752,34
7752,146
7758,32
7758,33
7758,34
7758,36
7760,32
7760,33
7762,32
7762,33
7762,34
7762,35
7762,36
7768,36
7768,42
7769,33
7769,34
7769,35
7769,42
7771,35
7771,72
7774,71
7775,33
7775,71
7776,71
7777,71
7779,33
7779,72
7780,72
7780,102
7781,154
7781,155
7782,72
7790,61
7790,102
7800,27
7800,62
7803,63
7803,143
7803,144
7804,155
7805,155
7806,96
7807,72
7808,82
7808,83
7809,63
7809,96
7809,103
7810,61
7811,27
7811,155
7812,155
7813,62
7813,72
7814,155
7815,82
7815,83
7815,155
7816,63
7817,71
7817,72
7817,155
7818,62
7819,96
7820,82
7821,82
7822,82
7823,152
7826,23
7826,36
7827,82
7827,125
7827,151
7829,61
7829,102
7831,141
7831,155
7832,33
7832,63
7832,144
7832,151
7833,155
7836,34
7837,83
7838,155
7839,41
7839,42
7840,62
7840,72
7841,26
7841,42
7841,63
7844,143
7844,144
7846,62
7847,63
7849,141
7849,145
7850,155
7851,146
7851,155
7855,155
7856,23
7857,107
7857,141
7857,155
7859,34
7859,82
7859,145
7860,143
7860,144
7862,93
7862,146
7862,155
7863,27
7863,155
7864,27
7864,32
7864,155
7865,63
7867,63
7867,144
7868,141
7868,151
7868,152
7868,155
7869,62
7869,152
7870,155
7871,82
7872,61
7872,102
7874,62
7875,93
7875,155
7877,23
7877,42
7878,61
7879,82
7883,155
7885,32
7885,33
7885,62
7885,72
7885,82
7886,23
7886,31
7887,82
7888,23
7888,32
7888,42
7893,155
7894,27
7895,27
7896,82
7897,82
7898,82
7899,23
7901,155
7902,32
7902,36
7903,82
7903,83
7905,82
7905,83
7906,63
7906,151
7908,23
7911,23
7911,32
7911,36
7911,144
7911,155
7912,23
7912,32
7912,36
7912,52
7912,144
7912,155
7914,36
7914,146
7914,155
7915,23
7915,36
7915,155
7916,23
7916,155
7917,23
7917,27
7917,82
7918,111
7918,155
7919,32
7919,155
7921,155
7922,155
7923,23
7923,27
7925,31
7925,82
7927,23
7927,32
7927,36
7928,23
7928,82
7931,36
7931,82
7932,23
7932,51
7932,62
7932,71
7936,63
7937,61
7937,102
7938,61
7938,102
7939,34
7940,21
7940,23
7940,62
7942,23
7942,27
7943,82
7945,62
7946,155
7947,27
7949,62
7949,82
7950,82
7951,34
7951,35
7951,63
7951,151
7952,34
7952,63
7952,151
7953,23
7955,33
7955,82
7956,62
7956,152
7957,62
7958,23
7958,42
7958,62
7959,62
7959,96
7959,141
7959,142
7961,12
7961,81
7961,82
7962,62
7962,103
7963,61
7965,35
7966,22
7966,23
7966,32
7966,36
7970,23
7970,27
7970,71
7970,82
7971,62
7971,82
7972,62
7972,83
7974,63
7974,144
7975,62
7976,62
7979,25
7979,71
7980,61
7981,82
7983,32
7983,93
7984,62
7984,103
7984,107
7984,145
7985,31
7985,32
7985,33
7985,82
7986,33
7986,62
7987,33
7987,34
7987,62
7987,72
7987,155
7988,23
7988,32
7988,62
7989,31
7989,62
7990,63
7991,33
7991,63
7992,32
7992,62
7994,33
7994,62
7995,23
7995,24
7995,42
7997,62
7999,32
7999,33
7999,146
8001,91
8002,91
8005,107
8006,95
8007,92
8007,93
8008,61
8008,102
8011,61
8012,92
8012,93
8013,61
8014,92
8014,93
8015,91
8016,61
8018,61
8018,62
8018,92
8020,91
8022,63
8023,93
8023,146
8025,61
8025,102
8028,101
8029,61
8030,95
8031,91
8032,92
8035,32
8035,93
8037,12
8037,93
8037,95
8037,106
8038,95
8039,95
8040,61
8041,95
8043,51
8043,95
8045,95
8046,93
8046,125
8050,32
8050,33
8050,34
8050,35
8050,36
8050,72
8051,93
8051,96
8052,93
8053,91
8056,145
8056,146
8057,62
8057,146
8057,153
8058,91
8059,93
8060,93
8061,93
8065,93
8066,93
8066,141
8066,146
8068,93
8070,93
8071,93
8072,96
8072,141
8074,93
8075,93
8076,93
8077,93
8078,93
8078,95
8079,51
8081,93
8084,93
8085,93
8085,133
8086,33
8086,71
8087,93
8088,12
8088,92
8088,93
8089,83
8089,93
8090,92
8090,93
8091,32
8091,51
8093,93
8095,92
8095,94
8095,95
8096,93
8096,146
8097,12
8097,93
8098,92
8098,93
8101,92
8103,92
8103,93
8104,83
8104,93
8105,92
8105,102
8107,102
8108,51
8108,93
8108,95
8111,63
8113,22
8113,62
8113,72
8114,63
8115,61
8117,93
8118,61
8119,93
8119,96
8123,96
8125,125
8127,61
8129,94
8129,103
8130,82
8130,93
8130,96
8131,12
8131,93
8132,12
8132,93
8133,12
8133,93
8135,63
8135,96
8136,63
8136,144
8136,151
8136,155
8137,93
8138,92
8138,93
8139,61
8140,93
8141,93
8142,95
8142,101
8143,61
8144,93
8144,96
8145,23
8145,51
8145,95
8147,93
8150,93
8151,93
8152,92
8153,111
8154,93
8154,155
8155,36
8155,93
8157,93
8157,146
8157,155
8158,92
8159,93
8160,111
8163,111
8165,107
8166,102
8167,101
8167,103
8168,103
8173,105
8174,12
8174,93
8179,111
8179,156
8181,111
8182,101
8182,103
8184,103
8185,102
8186,103
8190,101
8190,151
8194,101
8198,101
8200,111
8202,105
8203,103
8207,111
8208,103
8209,111
8214,102
8214,151
8214,152
8215,61
8215,102
8217,101
8218,103
8219,102
8219,103
8225,95
8225,151
8226,93
8227,61
8227,102
8228,95
8230,103
8230,152
8233,101
8237,101
8242,101
8244,101
8247,101
8249,92
8249,93
8252,101
8252,124
8253,124
8254,101
8255,101
8256,92
8256,96
8257,101
8260,101
8267,101
8267,121
8267,124
8273,101
8275,93
8275,105
8275,146
8276,101
8278,101
8279,101
8281,103
8282,105
8283,94
8283,96
8285,23
8285,32
8285,71
8285,81
8285,92
8285,93
8285,146
8287,101
8289,103
8291,106
8291,152
8293,106
8293,125
8298,106
8301,121
8303,121
8303,124
8304,121
8306,121
8306,122
8308,121
8309,121
8316,121
8316,122
8316,124
8316,125
8331,121
8334,121
8336,121
8337,121
8338,121
8341,121
8342,121
8343,121
8344,121
8345,121
8346,121
8349,121
8350,121
8354,121
8355,121
8356,121
8358,121
8359,121
8360,121
8361,121
8362,121
8363,121
8364,121
8365,121
8366,121
8367,121
8368,121
8369,121
8370,121
8377,121
8381,121
8382,121
8383,121
8385,121
8386,121
8387,121
8388,121
8392,121
8393,121
8395,121
8397,121
8398,121
8399,121
8410,121
8411,121
8411,122
8416,121
8418,121
8421,121
8424,125
8425,125
8439,125
8462,126
8462,155
8473,121
8473,122
8473,126
8508,83
8508,121
8508,124
8508,126
8511,122
8515,124
8518,126
8521,121
8522,121
8524,121
8527,121
8530,121
8537,121
8540,121
8541,121
8542,121
8544,121
8550,121
8551,121
8554,121
8558,121
8559,121
8560,121
8562,121
8563,121
8566,125
8570,121
8570,124
8572,124
8572,126
8584,124
8585,124
8586,125
8589,124
8591,121
8591,123
8591,124
8591,125
8591,126
8593,125
8594,125
8595,126
8596,125
8600,121
8601,122
8604,122
8609,122
8613,122
8614,122
8616,122
8617,122
8622,122
8624,122
8628,122
8630,123
8630,152
8697,128
8698,122
8699,121
8699,122
8699,126
8700,122
8704,122
8704,126
8705,126
8706,122
8707,122
8708,122
8713,121
8714,121
8715,123
8725,123
8732,126
8737,122
8737,126
8739,126
8740,126
8742,126
8746,126
8747,126
8750,123
8766,123
8769,123
8769,154
8769,155
8771,124
8772,124
8783,126
8789,126
8793,125
8795,123
8798,123
8801,83
8802,83
8803,83
8804,83
8806,82
8806,83
8818,82
8818,83
8830,83
8835,11
8835,83
8835,93
8835,152
8836,83
8841,83
8842,83
8842,111
8842,151
8844,83
8848,83
8850,83
8854,83
8860,83
8864,12
8864,83
8864,134
8869,83
8871,83
8876,155
8877,83
8881,83
8886,83
8887,83
8887,156
8889,83
8889,126
8890,126
8891,83
8892,83
8893,83
8894,83
8897,83
8898,83
8903,83
8904,83
8905,83
8905,101
8908,83
8909,83
8909,124
8912,82
8912,83
8914,83
8914,131
8917,83
8918,83
8918,152
8919,83
8920,83
8920,151
8920,156
8922,82
8922,83
8923,83
8923,126
8925,83
8927,83
8928,83
8928,152
8928,154
8928,155
8928,156
8929,83
8929,155
8931,83
8934,82
8934,83
8935,83
8938,83
8940,83
8944,83
8944,126
8945,83
8945,155
8946,83
8951,127
8952,127
8953,127
8954,127
8955,127
8956,127
8957,127
8958,127
8960,127
8961,127
8963,127
8964,127
8966,127
8967,127
8968,127
8972,127
8975,127
8976,127
8977,127
8979,127
8984,127
8985,127
8986,127
8987,127
8995,83
8996,83
8999,83
9001,101
9001,132
9001,156
9003,83
9003,101
9003,132
9005,82
9005,83
9005,101
9005,132
9005,141
9005,151
9005,156
9006,83
9006,101
9006,132
9006,156
9007,83
9007,101
9007,132
9008,101
9008,132
9008,156
9009,101
9009,132
9010,132
9010,151
9010,156
9012,132
9012,151
9014,83
9014,132
9017,83
9017,132
9017,156
9020,101
9020,132
9021,101
9021,132
9022,101
9022,132
9024,81
9024,83
9024,132
9024,151
9024,156
9025,131
9025,132
9025,133
9025,134
9027,131
9028,132
9029,132
9031,101
9031,132
9031,134
9033,101
9033,132
9034,132
9035,83
9035,132
9036,11
9036,132
9037,131
9037,132
9039,132
9040,132
9041,101
9041,132
9041,156
9042,83
9042,132
9042,151
9042,156
9044,83
9044,101
9044,132
9044,156
9045,83
9045,101
9045,132
9045,156
9046,101
9046,132
9048,83
9048,101
9048,132
9048,156
9049,83
9049,132
9051,106
9051,131
9051,132
9052,101
9052,132
9055,92
9055,131
9055,132
9057,131
9057,132
9058,131
9058,132
9059,131
9059,132
9060,131
9060,132
9062,92
9062,131
9062,132
9062,133
9062,134
9062,156
9063,132
9064,125
9064,131
9064,132
9064,134
9064,146
9065,81
9065,131
9065,132
9065,133
9066,131
9066,133
9066,134
9066,156
9067,132
9068,131
9068,132
9068,133
9069,131
9069,132
9070,131
9070,132
9070,133
9072,131
9072,132
9073,92
9073,132
9073,133
9074,131
9074,132
9075,132
9075,133
9076,106
9076,131
9076,132
9076,134
9077,131
9077,132
9078,132
9081,106
9081,132
9082,132
9083,103
9083,132
9085,81
9085,132
9085,151
9086,131
9086,132
9086,134
9087,131
9087,132
9087,133
9090,131
9090,132
9099,131
9099,132
9101,131
9101,133
9101,134
9104,133
9107,133
9110,133
9115,133
9115,156
9119,133
9127,133
9130,133
9142,83
9142,101
9142,103
9142,132
9142,133
9143,83
9143,131
9143,132
9143,134
9171,133
9173,111
9173,133
9176,132
9176,133
9179,133
9193,133
9201,134
9202,134
9202,156
9206,134
9232,81
9233,81
9233,83
9260,95
9261,82
9261,83
9261,93
9262,112
9263,102
9263,107
9263,145
9264,31
9264,34
9264,43
9264,93
9265,33
9265,94
9266,111
9266,152
9267,101
9267,103
9267,107
9267,145
9268,106
9268,125
9268,126
9268,134
9268,152
9270,96
9270,103
9271,102
9271,107
9271,145
9272,107
9272,143
9272,145
9272,155
9273,71
9273,94
9274,92
9275,102
9276,111
9278,103
9278,107
9278,145
9279,111
9281,127
9282,127
9283,127
9284,127
9285,127
9286,127
9287,127
9301,131
9301,132
9301,133
9301,134
9302,83
9302,131
9302,132
9302,133
9303,131
9303,132
9303,133
9303,134
9304,131
9304,132
9304,133
9305,95
9305,131
9305,133
9306,131
9306,134
9307,131
9307,132
9308,83
9308,131
9308,133
9310,131
9310,132
9310,133
9311,131
9311,133
9311,134
9311,155
9312,131
9312,132
9312,133
9312,134
9313,131
9318,126
9319,131
9319,132
9319,134
9322,131
9322,133
9322,134
9324,131
9324,132
9324,134
9325,131
9325,132
9326,131
9351,131
9351,133
9353,131
9353,133
9355,93
9355,133
9355,156
9357,131
9357,132
9357,133
9358,81
9358,131
9358,132
9358,133
9359,133
9360,131
9360,146
9361,132
9361,133
9362,133
9363,133
9364,131
9364,132
9364,133
9364,134
9365,133
9365,134
9366,131
9366,132
9367,133
9368,125
9368,131
9369,131
9369,132
9375,134
9376,156
9377,12
9377,134
9380,133
9381,133
9384,133
9385,27
9385,155
9386,134
9388,83
9388,132
9399,155
9401,141
9401,144
9402,141
9404,141
9404,144
9405,141
9407,141
9408,141
9408,146
9409,141
9409,144
9412,141
9413,141
9413,144
9414,141
9416,93
9416,105
9416,142
9417,103
9417,105
9417,146
9418,12
9418,105
9418,142
9418,144
9419,142
9421,105
9421,144
9422,105
9423,83
9424,142
9425,105
9428,105
9428,154
9428,155
9432,142
9432,146
9433,142
9433,144
9433,146
9434,93
9434,142
9435,93
9435,105
9436,142
9437,142
9437,144
9438,144
9439,152
9441,105
9444,105
9445,142
9445,155
9446,105
9446,123
9446,152
9449,126
9449,142
9449,143
9449,146
9450,142
9465,126
9465,141
9465,143
9465,155
9466,143
9466,144
9466,155
9467,141
9467,144
9468,103
9468,141
9468,143
9468,144
9468,145
9470,141
9470,144
9470,152
9470,153
9471,141
9471,153
9474,141
9474,145
9475,141
9475,145
9476,141
9478,141
9478,144
9478,146
9478,151
9478,153
9478,154
9478,155
9479,141
9479,145
9501,12
9502,12
9503,12
9504,12
9505,12
9506,12
9507,12
9508,12
9509,12
9511,12
9513,12
9514,12
9517,12
9517,81
9519,12
9531,12
9532,12
9533,12
9534,12
9535,12
9536,12
9537,12
9539,12
9543,12
9551,31
9551,81
9551,155
9600,146
9601,144
9601,151
9602,144
9602,151
9603,132
9603,151
9603,156
9605,144
9605,151
9610,153
9610,155
9612,83
9613,146
9616,83
9616,112
9616,156
9619,125
9619,152
9621,83
9621,155
9622,83
9624,83
9625,143
9627,101
9627,103
9628,152
9629,146
9631,83
9631,151
9632,81
9632,151
9633,83
9633,144
9633,151
9633,156
9635,83
9635,151
9635,153
9636,83
9636,151
9637,83
9637,151
9639,31
9639,125
9640,146
9640,155
9641,125
9643,151
9644,155
9647,83
9647,146
9651,146
9656,151
9656,156
9658,146
9658,155
9661,83
9661,111
9663,125
9664,83
9664,151
9664,152
9671,151
9672,131
9672,151
9675,93
9675,151
9675,156
9678,93
9678,125
9679,51
9679,83
9679,123
9679,151
9681,151
9681,156
9682,146
9684,144
9684,151
9684,155
9685,146
9686,82
9686,83
9686,152
9687,146
9691,146
9691,155
9692,146
9695,156
9696,153
9697,33
9697,144
9697,151
9698,146
9698,155
9699,125
9701,111
9701,152
9702,146
9704,83
9704,152
9704,156
9706,134
9707,71
9707,152
9708,156
9709,93
9709,146
9713,156
9715,143
9715,155
9716,83
9717,146
9719,146
9720,156
9722,152
9722,156
9723,156
9726,156
9728,82
9728,83
9728,152
9729,103
9729,125
9729,152
9731,125
9731,152
9733,153
9734,111
9735,33
9735,82
9735,83
9735,152
9739,146
9740,152
9742,146
9743,83
9744,154
9744,155
9746,146
9746,155
9749,33
9749,146
9753,146
9755,32
9755,33
9755,81
9757,155
9758,146
9759,146
9760,153
9761,125
9763,125
9765,81
9765,83
9766,33
9766,144
9766,151
9767,82
9767,125
9768,81
9768,83
9769,153
9776,71
9776,94
9776,103
9778,153
9780,82
9780,83
9782,143
9782,155
9783,141
9783,152
9783,153
9787,82
9787,83
9787,152
9788,83
9788,107
9788,125
9790,146
9791,82
9791,83
9791,152
9791,156
9792,72
9792,152
9792,155
9793,155
9795,153
9797,81
9797,83
9799,146
9810,93
9812,83
9812,93
9812,103
9816,51
9816,83
9816,146
9816,156
9818,12
9818,72
9820,82
9820,83
9823,101
9824,93
9827,93
9827,96
9828,111
9829,101
9830,93
9831,105
9832,103
9832,152
9835,103
9837,96
9842,103
9843,103
9845,23
9846,101
9849,92
9850,111
9852,96
9853,111
9854,102
9856,106
9857,93
9861,111
9867,93
9869,95
9872,93
9873,111
9873,112
9876,102
9878,102
9878,105
9880,93
9882,103
9882,152
9885,107
9887,111
9888,26
9888,93
9889,93
9889,146
9890,101
9890,103
9895,31
9895,32
9895,93
9895,152
9896,82
9896,93
9900,111
9902,93
9903,103
9904,102
9906,82
9906,93
9908,93
9909,93
9913,93
9914,93
9919,101
9927,103
9928,146
9929,92
9930,32
9930,33
9932,93
9934,93
9936,111
9941,95
9942,111
9945,111
9945,112
9946,101
9948,101
9950,95
9950,111
9955,23
9955,51
9955,95
9956,101
9956,103
9956,151
9959,52
9959,101
9960,31
9960,33
9960,81
9960,93
9962,26
9962,32
9962,36
9964,81
9964,93
9966,103
9967,92
9969,112
9972,27
9972,93
9973,111
9974,101
9976,103
9977,101
9978,103
9979,95
9979,111
9980,51
9980,61
9980,62
9980,71
9982,61
9982,92
9983,61
9983,102
9983,107
9983,145
9984,33
9984,124
9984,142
9984,145
9984,146
9986,93
9987,33
9987,94
9987,155
9989,101
9989,103
9990,102
9991,93
9991,125
9993,101
9993,103
9994,95
9994,101
9995,93
9996,95
9997,107
